,lfd,eu,reg,land,nuts1,nuts2,nuts3,Gebietseinheit,ve_pp,bip_pp,Einwohner,id_json,id_destatis,doener,pizza,centroids,radi,doener_norm,pizza_norm,ratio,ratio_norm,density_100k
0,3,DE111,8111.0,BW,,,3.0,"Stuttgart, Landeshauptstadt, Stadtkreis",25788,90518,634000,20,3,46.0,34.0,"[[[9.167738959902849, 48.784316289992596]]]",[[8.232163390963873]],0.6052631578947368,0.4074074074074074,-0.15,-0.1953801732435034,12.618296529968456
1,4,DE112,8115.0,BW,,,3.0,"Böblingen, Landkreis",25597,66535,391000,57,4,22.0,30.0,"[[[8.948662200064065, 48.67286084732923]]]",[[14.698258711738177]],0.2894736842105263,0.35802469135802467,0.15384615384615385,0.10587054691419964,13.29923273657289
2,5,DE113,8116.0,BW,,,3.0,"Esslingen, Landkreis",25582,42726,533000,58,5,21.0,33.0,"[[[9.360648341800887, 48.63652502972151]]]",[[14.916208662529932]],0.2763157894736842,0.3950617283950617,0.2222222222222222,0.17686910234696349,10.131332082551594
3,6,DE114,8117.0,BW,,,3.0,"Göppingen, Landkreis",24173,34635,257000,59,6,15.0,13.0,"[[[9.725887227058445, 48.68221721649173]]]",[[14.92280080269137]],0.19736842105263158,0.14814814814814814,-0.07142857142857142,-0.14245416078984488,10.894941634241246
4,7,DE115,8118.0,BW,,,3.0,"Ludwigsburg, Landkreis",26203,46974,543000,64,7,27.0,26.0,"[[[9.284696318802085, 48.95612051858102], [8.997497200965915, 48.908561547597294]]]","[[9.164053250083958, 11.021898778933592]]",0.35526315789473684,0.30864197530864196,-0.018867924528301886,-0.07022265720577443,9.760589318600369
5,8,DE116,8119.0,BW,,,3.0,Rems-Murr-Kreis,25631,35442,426000,18,8,12.0,17.0,"[[[9.540674395962387, 48.90026708705439]]]",[[16.102312220491104]],0.15789473684210525,0.19753086419753085,0.1724137931034483,0.11151736745886655,6.807511737089202
6,9,DE117,8121.0,BW,,,3.0,"Heilbronn, Stadtkreis",36883,55707,126000,61,9,10.0,15.0,"[[[9.198326860155387, 49.15341050284254]]]",[[5.97755549196459]],0.13157894736842105,0.1728395061728395,0.2,0.13553895410885808,19.841269841269842
7,10,DE118,8125.0,BW,,,3.0,"Heilbronn, Landkreis",24968,55623,342000,62,10,20.0,26.0,"[[[9.205907911867737, 49.18115693169675]]]",[[20.107418754972578]],0.2631578947368421,0.30864197530864196,0.13043478260869565,0.07954545454545454,13.450292397660819
8,11,DE119,8126.0,BW,,,3.0,Hohenlohekreis,24642,50815,112000,63,11,3.0,4.0,"[[[9.615088902987, 49.256619380070674]]]",[[16.49756866729162]],0.039473684210526314,0.037037037037037035,0.14285714285714285,-0.03184713375796178,6.25
9,12,DE11A,8127.0,BW,,,3.0,"Schwäbisch Hall, Landkreis",23637,42201,195000,19,12,6.0,14.0,"[[[9.901819324493443, 49.15628878275559]]]",[[22.291989237221784]],0.07894736842105263,0.16049382716049382,0.4,0.3405698778833107,10.256410256410255
10,13,DE11B,8128.0,BW,,,3.0,Main-Tauber-Kreis,23546,39770,132000,65,13,15.0,5.0,"[[[9.728460438397498, 49.58204417326017]]]",[[22.23552804851711]],0.19736842105263158,0.04938271604938271,-0.5,-0.5997366688610929,15.151515151515152
11,14,DE11C,8135.0,BW,,,3.0,"Heidenheim, Landkreis",23046,36717,132000,60,14,6.0,4.0,"[[[10.214329260366977, 48.665201610989094]]]",[[14.56519672756444]],0.07894736842105263,0.037037037037037035,-0.2,-0.36134453781512604,7.575757575757576
12,15,DE11D,8136.0,BW,,,3.0,Ostalbkreis,24599,44978,313000,17,15,16.0,17.0,"[[[10.058330147765433, 48.87407298420756]]]",[[23.31508989812683]],0.21052631578947367,0.19753086419753085,0.030303030303030304,-0.03184713375796178,10.543130990415335
13,17,DE121,8211.0,BW,,,3.0,"Baden-Baden, Stadtkreis",32416,54776,55000,45,17,6.0,4.0,"[[[8.230369210243246, 48.75499725341801]]]",[[6.865735049097433]],0.07894736842105263,0.037037037037037035,-0.2,-0.36134453781512604,18.18181818181818
14,18,DE122,8212.0,BW,,,3.0,"Karlsruhe, Stadtkreis",22814,65518,313000,50,18,57.0,32.0,"[[[8.370278596878057, 49.04398632049565], [8.482011361555662, 48.99576776677919]]]","[[6.052452252483373, 5.03924068545744]]",0.75,0.38271604938271603,-0.2808988764044944,-0.3242506811989101,28.434504792332266
15,19,DE123,8215.0,BW,,,3.0,"Karlsruhe, Landkreis",24295,37869,443000,51,19,76.0,43.0,"[[[8.61871346560401, 49.09671904824005]], [[8.416831207275479, 48.919720764160246]]]","[[16.365511627204775], [8.977980549116959]]",1.0,0.5185185185185184,-0.2773109243697479,-0.31707317073170743,26.86230248306998
16,20,DE124,8216.0,BW,,,3.0,"Rastatt, Landkreis",23646,44287,231000,55,20,23.0,12.0,"[[[8.280286333296074, 48.756105889214446]]]",[[16.74627657127917]],0.3026315789473684,0.13580246913580246,-0.3142857142857143,-0.3805113004816599,15.151515151515152
17,21,DE125,8221.0,BW,,,3.0,"Heidelberg, Stadtkreis",23703,57123,160000,49,21,24.0,22.0,"[[[8.67425706169825, 49.41163600574847]]]",[[6.34426756114044]],0.3157894736842105,0.25925925925925924,-0.043478260869565216,-0.09830508474576272,28.75
18,22,DE126,8222.0,BW,,,3.0,"Mannheim, Universitätsstadt, Stadtkreis",22054,67775,309000,52,22,39.0,18.0,"[[[8.472751235961947, 49.45489044189458], [8.577913045883214, 49.479186534881656], [8.433819770813031, 49.57290363311773]]]","[[3.3396285327942437, 3.781820101646498, 1.8158616404472945]]",0.513157894736842,0.20987654320987653,-0.3684210526315789,-0.41945630195461686,18.446601941747574
19,23,DE127,8225.0,BW,,,3.0,Neckar-Odenwald-Kreis,22648,32272,143000,53,23,7.0,8.0,"[[[9.266372113988064, 49.463017007579005]]]",[[19.56070117107163]],0.09210526315789473,0.08641975308641975,0.06666666666666667,-0.03184713375796178,10.48951048951049
20,24,DE128,8226.0,BW,,,3.0,Rhein-Neckar-Kreis,25278,34291,547000,56,24,43.0,28.0,"[[[8.799314621651554, 49.418176254423585]]]",[[15.959747776371378]],0.5657894736842105,0.3333333333333333,-0.2112676056338028,-0.25853658536585367,12.979890310786107
21,25,DE129,8231.0,BW,,,3.0,"Pforzheim, Stadtkreis",22510,40484,125000,54,25,10.0,16.0,"[[[8.720087099075347, 48.87511806488041]]]",[[5.747019093048196]],0.13157894736842105,0.18518518518518517,0.23076923076923078,0.1692307692307692,20.799999999999997
22,26,DE12A,8235.0,BW,,,3.0,"Calw, Landkreis",24437,29286,158000,46,26,13.0,6.0,"[[[8.606268052701639, 48.702400843302456]]]",[[16.018604666731438]],0.17105263157894735,0.06172839506172839,-0.3684210526315789,-0.46964410327983247,12.025316455696203
23,27,DE12B,8236.0,BW,,,3.0,Enzkreis,26013,31072,199000,47,27,16.0,25.0,"[[[8.727844390316317, 48.8957977847777]]]",[[12.645786481291275]],0.21052631578947367,0.2962962962962963,0.21951219512195122,0.16923076923076924,20.603015075376884
24,28,DE12C,8237.0,BW,,,3.0,"Freudenstadt, Landkreis",24843,40058,118000,48,28,5.0,4.0,"[[[8.462235762856254, 48.47187881469731]]]",[[17.059447698546816]],0.06578947368421052,0.037037037037037035,-0.1111111111111111,-0.2796208530805687,7.627118644067796
25,29,DE13,83.0,BW,,2.0,,"Freiburg, Regierungsbezirk",24830,38835,2260000,37,29,14.0,21.0,"[[[7.836292088031804, 47.98942248026535]]]",[[7.294826917674047]],0.18421052631578946,0.24691358024691357,0.2,0.14544084400904295,1.5486725663716814
26,31,DE132,8315.0,BW,,,3.0,"Breisgau-Hochschwarzwald, Landkreis",24865,30165,263000,35,31,22.0,27.0,"[[[7.925462830066724, 47.924232912063644]]]",[[20.71349991752955]],0.2894736842105263,0.32098765432098764,0.10204081632653061,0.05162320383182539,18.631178707224336
27,32,DE133,8316.0,BW,,,3.0,"Emmendingen, Landkreis",23587,32988,165000,36,32,23.0,26.0,"[[[7.9367876181731765, 48.14601743543476]]]",[[16.650872905219767]],0.3026315789473684,0.30864197530864196,0.061224489795918366,0.009832580387988284,29.696969696969695
28,33,DE134,8317.0,BW,,,3.0,Ortenaukreis,23948,41282,428000,40,33,15.0,20.0,"[[[8.09293906730521, 48.4029095298366]]]",[[24.13030030777788]],0.19736842105263158,0.2345679012345679,0.14285714285714285,0.0861226024821361,8.177570093457945
29,34,DE135,8325.0,BW,,,3.0,"Rottweil, Landkreis",25306,43834,139000,41,34,1.0,2.0,"[[[8.543366909027151, 48.25913122425912]]]",[[15.334760170797411]],0.013157894736842105,0.012345679012345678,0.3333333333333333,-0.03184713375796178,2.1582733812949644
30,35,DE136,8326.0,BW,,,3.0,Schwarzwald-Baar-Kreis,24999,40195,212000,42,35,4.0,11.0,"[[[8.412319614041271, 48.00020513226914]]]",[[19.083189356061634]],0.05263157894736842,0.12345679012345678,0.4666666666666667,0.4022140221402214,7.0754716981132075
31,36,DE137,8327.0,BW,,,3.0,"Tuttlingen, Landkreis",26022,51351,140000,43,36,2.0,4.0,"[[[8.786718784679108, 48.0030246387829]]]",[[15.073769025822159]],0.02631578947368421,0.037037037037037035,0.3333333333333333,0.16923076923076924,4.285714285714286
32,37,DE138,8335.0,BW,,,3.0,"Konstanz, Landkreis",25486,35093,285000,38,37,2.0,6.0,"[[[8.902312825937834, 47.80450345649101]], [[8.690715630849317, 47.707248687744226]]]","[[16.261997646868455], [1.9471923364015682]]",0.02631578947368421,0.06172839506172839,0.5,0.4022140221402214,2.807017543859649
33,38,DE139,8336.0,BW,,,3.0,"Lörrach, Landkreis",27462,33765,228000,39,38,12.0,10.0,"[[[7.79952309681823, 47.71931829207986]]]",[[16.061313413287383]],0.15789473684210525,0.1111111111111111,-0.09090909090909091,-0.17391304347826086,9.649122807017545
34,39,DE13A,8337.0,BW,,,3.0,"Waldshut, Landkreis",25622,31239,170000,44,39,3.0,13.0,"[[[8.2807316061569, 47.70606304848035]]]",[[19.33854045527714]],0.039473684210526314,0.14814814814814814,0.625,0.5792207792207792,9.411764705882353
35,41,DE141,8415.0,BW,,,3.0,"Reutlingen, Landkreis",24763,40454,286000,25,41,15.0,22.0,"[[[9.366196463185002, 48.434876165082414]]]",[[18.749650390034642]],0.19736842105263158,0.25925925925925924,0.1891891891891892,0.13553895410885802,12.937062937062937
36,42,DE142,8416.0,BW,,,3.0,"Tübingen, Landkreis",23613,34031,227000,27,42,10.0,18.0,"[[[8.991072859082939, 48.50514003208709]]]",[[12.937465452162655]],0.13157894736842105,0.20987654320987653,0.2857142857142857,0.2293054234062797,12.33480176211454
37,43,DE143,8417.0,BW,,,3.0,Zollernalbkreis,25743,35695,189000,29,43,5.0,6.0,"[[[8.898099432600343, 48.26762390136724]]]",[[17.409040105793952]],0.06578947368421052,0.06172839506172839,0.09090909090909091,-0.03184713375796179,5.8201058201058204
38,44,DE144,8421.0,BW,,,3.0,"Ulm, Universitätsstadt, Stadtkreis",25773,77208,126000,28,44,6.0,12.0,"[[[9.943545830910857, 48.37874940559134]]]",[[5.8842559010347175]],0.07894736842105263,0.13580246913580246,0.3333333333333333,0.264750378214826,14.285714285714286
39,45,DE145,8425.0,BW,,,3.0,Alb-Donau-Kreis,23854,32093,195000,21,45,10.0,26.0,"[[[9.868102972060166, 48.36873329185161]]]",[[20.272653689922013]],0.13157894736842105,0.30864197530864196,0.4444444444444444,0.4022140221402214,18.46153846153846
40,46,DE146,8426.0,BW,,,3.0,"Biberach, Landkreis",24077,52846,199000,22,46,4.0,11.0,"[[[9.74586975880162, 48.129848822569286]]]",[[21.824515421539285]],0.05263157894736842,0.12345679012345678,0.4666666666666667,0.4022140221402214,7.5376884422110555
41,47,DE147,8435.0,BW,,,3.0,Bodenseekreis,26555,51324,215000,23,47,19.0,18.0,"[[[9.437040439871888, 47.750982151475114]]]",[[15.755886483222168]],0.25,0.20987654320987653,-0.02702702702702703,-0.08724832214765103,17.209302325581394
42,48,DE148,8436.0,BW,,,3.0,"Ravensburg, Landkreis",24132,45098,284000,24,48,12.0,15.0,"[[[9.77797624541496, 47.83899316555121]]]",[[23.87898233514596]],0.15789473684210525,0.1728395061728395,0.1111111111111111,0.04518664047151277,9.507042253521128
43,49,DE149,8437.0,BW,,,3.0,"Sigmaringen, Landkreis",22902,38368,131000,26,49,3.0,9.0,"[[[9.249048774306875, 48.04348048648323]]]",[[20.14235271972421]],0.039473684210526314,0.09876543209876543,0.5,0.42890716803760276,9.16030534351145
44,52,DE211,9161.0,BY,,,3.0,"Ingolstadt, Kreisfreie Stadt",24352,127792,136000,95,52,18.0,12.0,"[[[11.414921230740068, 48.748724407619946]]]",[[6.310340449539263]],0.23684210526315788,0.13580246913580246,-0.2,-0.27114210985178727,22.058823529411764
45,53,DE212,9162.0,BY,,,3.0,"München, Landeshauptstadt, Kreisfreie Stadt",32766,79690,1464000,100,53,49.0,48.0,"[[[11.689245329962874, 48.11610709296338], [11.428645028008399, 48.13462532891171], [11.579826235771222, 48.2165288925171]]]","[[3.8322728785594404, 5.165669097208177, 4.073209661046629]]",0.6447368421052632,0.5802469135802468,-0.010309278350515464,-0.052645537727091976,6.6256830601092895
46,54,DE213,9163.0,BY,,,3.0,"Rosenheim, Kreisfreie Stadt",23416,51494,63000,103,54,10.0,3.0,"[[[12.112856626510656, 47.848957061767585]]]",[[3.8801010460577707]],0.13157894736842105,0.024691358024691357,-0.5384615384615384,-0.683991683991684,20.634920634920633
47,55,DE214,9171.0,BY,,,3.0,"Altötting, Landkreis",23358,48993,111000,85,55,6.0,5.0,"[[[12.696141512497645, 48.218307329260824]]]",[[13.77473825105572]],0.07894736842105263,0.04938271604938271,-0.09090909090909091,-0.23037974683544304,9.90990990990991
48,56,DE215,9172.0,BY,,,3.0,"Berchtesgadener Land, Landkreis",22547,33571,105000,87,56,6.0,20.0,"[[[12.889235028353635, 47.711813146417846]]]",[[16.914043960438466]],0.07894736842105263,0.2345679012345679,0.5384615384615384,0.4963730569948187,24.761904761904763
49,57,DE216,9173.0,BY,,,3.0,"Bad Tölz-Wolfratshausen, Landkreis",26750,29994,127000,86,57,3.0,4.0,"[[[11.477198184767307, 47.72966794274903]]]",[[18.26258469589423]],0.039473684210526314,0.037037037037037035,0.14285714285714285,-0.03184713375796178,5.511811023622047
50,58,DE217,9174.0,BY,,,3.0,"Dachau, Landkreis",25827,29196,153000,88,58,6.0,7.0,"[[[11.35536947482974, 48.34913402650419]]]",[[13.28029827792484]],0.07894736842105263,0.07407407407407407,0.07692307692307693,-0.03184713375796178,8.49673202614379
51,59,DE218,9175.0,BY,,,3.0,"Ebersberg, Landkreis",27503,33127,141000,89,59,8.0,5.0,"[[[11.912701630592384, 48.06224451065068]]]",[[13.500640432862093]],0.10526315789473684,0.04938271604938271,-0.23076923076923078,-0.36134453781512604,9.219858156028367
52,60,DE219,9176.0,BY,,,3.0,"Eichstätt, Landkreis",24771,36001,132000,90,60,23.0,19.0,"[[[11.417394937470943, 48.88907352713657]]]",[[20.696604674346702]],0.3026315789473684,0.2222222222222222,-0.09523809523809523,-0.15320334261838442,31.81818181818182
53,61,DE21A,9177.0,BY,,,3.0,"Erding, Landkreis",25170,30853,137000,91,61,4.0,13.0,"[[[12.023237773350337, 48.27372414725171]]]",[[16.44128973465347]],0.05263157894736842,0.14814814814814814,0.5294117647058824,0.47572815533980584,12.408759124087592
54,62,DE21B,9178.0,BY,,,3.0,"Freising, Landkreis",24459,49898,179000,92,62,9.0,16.0,"[[[11.757893354996428, 48.44930831245759]]]",[[16.861447120061072]],0.11842105263157894,0.18518518518518517,0.28,0.21990369181380418,13.966480446927374
55,63,DE21C,9179.0,BY,,,3.0,"Fürstenfeldbruck, Landkreis",26361,26573,219000,93,63,7.0,7.0,"[[[11.18351845992242, 48.19164647554101]]]",[[12.132999810039339]],0.09210526315789473,0.07407407407407407,0.0,-0.10850439882697946,6.392694063926941
56,64,DE21D,9180.0,BY,,,3.0,"Garmisch-Partenkirchen, Landkreis",24842,30321,88000,94,64,9.0,4.0,"[[[11.162114913647036, 47.56614853785593]]]",[[18.03090287273147]],0.11842105263157894,0.037037037037037035,-0.38461538461538464,-0.5235109717868339,14.772727272727273
57,65,DE21E,9181.0,BY,,,3.0,"Landsberg am Lech, Landkreis",25998,35825,120000,96,65,7.0,10.0,"[[[10.924250011444132, 48.03667335510258]]]",[[16.444363693190873]],0.09210526315789473,0.1111111111111111,0.17647058823529413,0.0935251798561151,14.166666666666668
58,66,DE21F,9182.0,BY,,,3.0,"Miesbach, Landkreis",29168,36551,99000,97,66,7.0,7.0,"[[[11.79272347827294, 47.75229884302899]]]",[[17.16581623588037]],0.09210526315789473,0.07407407407407407,0.0,-0.10850439882697946,14.14141414141414
59,67,DE21G,9183.0,BY,,,3.0,"Mühldorf a.Inn, Landkreis",23859,34709,115000,98,67,8.0,11.0,"[[[12.38685651506699, 48.24813379560202]]]",[[16.54942718705565]],0.10526315789473684,0.12345679012345678,0.15789473684210525,0.07954545454545454,16.521739130434785
60,68,DE21H,9184.0,BY,,,3.0,"München, Landkreis",31122,110283,348000,99,68,58.0,73.0,"[[[11.783966064453164, 47.972607231140174], [11.463486715350125, 48.03338203253776], [11.728112220764194, 48.15924173990891], [11.592330728258462, 48.23724419730052]]]","[[6.502487834919648, 7.228078821323136, 6.138510419129757, 4.444112829764397]]",0.763157894736842,0.8888888888888888,0.11450381679389313,0.0761061946902655,37.64367816091954
61,69,DE21I,9185.0,BY,,,3.0,"Neuburg-Schrobenhausen, Landkreis",24338,37599,96000,101,69,10.0,7.0,"[[[11.216283908257143, 48.65887407156141]]]",[[16.027087302702533]],0.13157894736842105,0.07407407407407407,-0.17647058823529413,-0.2796208530805687,17.708333333333336
62,70,DE21J,9186.0,BY,,,3.0,"Pfaffenhofen a.d.Ilm, Landkreis",26045,35593,127000,102,70,23.0,19.0,"[[[11.515175261864336, 48.623100985013565]]]",[[16.691681879603088]],0.3026315789473684,0.2222222222222222,-0.09523809523809523,-0.15320334261838442,33.07086614173229
63,71,DE21K,9187.0,BY,,,3.0,"Rosenheim, Landkreis",25784,33026,260000,104,71,23.0,15.0,"[[[12.188066517865249, 47.91010854273672]]]",[[21.553663715377304]],0.3026315789473684,0.1728395061728395,-0.21052631578947367,-0.27297574308165357,14.615384615384615
64,72,DE21L,9188.0,BY,,,3.0,"Starnberg, Landkreis",35356,45549,136000,105,72,5.0,13.0,"[[[11.308851778507261, 47.995641350746205]]]",[[12.81239068025926]],0.06578947368421052,0.14814814814814814,0.4444444444444444,0.38496583143507973,13.235294117647058
65,73,DE21M,9189.0,BY,,,3.0,"Traunstein, Landkreis",24434,41176,177000,106,73,11.0,11.0,"[[[12.553273239135763, 47.93887207031254]]]",[[21.051547156186412]],0.14473684210526316,0.12345679012345678,0.0,-0.07934585099939435,12.429378531073448
66,74,DE21N,9190.0,BY,,,3.0,"Weilheim-Schongau, Landkreis",25481,41432,135000,107,74,5.0,7.0,"[[[11.047742465185783, 47.779895540267745]]]",[[18.75357233335089]],0.06578947368421052,0.07407407407407407,0.16666666666666666,0.05923344947735192,8.88888888888889
67,76,DE221,9261.0,BY,,,3.0,"Landshut, Kreisfreie Stadt",24526,56684,72000,77,76,5.0,9.0,"[[[12.176096333397815, 48.54821925693092]]]",[[6.296134908359317]],0.06578947368421052,0.09876543209876543,0.2857142857142857,0.2003948667324778,19.444444444444443
68,77,DE222,9262.0,BY,,,3.0,"Passau, Kreisfreie Stadt",21088,68044,52000,79,77,2.0,2.0,"[[[13.405101026807545, 48.5734675271171]]]",[[4.57445056926521]],0.02631578947368421,0.012345679012345678,0.0,-0.36134453781512604,7.6923076923076925
69,78,DE223,9263.0,BY,,,3.0,"Straubing, Kreisfreie Stadt",22207,53008,48000,84,78,4.0,5.0,"[[[12.583807877131932, 48.891555513654495]]]",[[5.404537041392457]],0.05263157894736842,0.04938271604938271,0.1111111111111111,-0.03184713375796178,18.75
70,79,DE224,9271.0,BY,,,3.0,"Deggendorf, Landkreis",23020,40623,119000,73,79,3.0,8.0,"[[[12.993374252319379, 48.800365656072486]]]",[[16.866089375424888]],0.039473684210526314,0.08641975308641975,0.45454545454545453,0.3729032258064516,9.243697478991596
71,80,DE225,9272.0,BY,,,3.0,"Freyung-Grafenau, Landkreis",22058,30427,78000,75,80,2.0,3.0,"[[[13.500142475344134, 48.82875212183543]]]",[[18.15253654817161]],0.02631578947368421,0.024691358024691357,0.2,-0.03184713375796178,6.410256410256411
72,81,DE226,9273.0,BY,,,3.0,"Kelheim, Landkreis",23499,31816,122000,76,81,5.0,7.0,"[[[11.850010007222526, 48.82549891153975]]]",[[18.62758616378444]],0.06578947368421052,0.07407407407407407,0.16666666666666666,0.05923344947735192,9.836065573770492
73,82,DE227,9274.0,BY,,,3.0,"Landshut, Landkreis",24979,36445,158000,78,82,13.0,15.0,"[[[12.209806499196564, 48.53537038546894]]]",[[21.489450084258532]],0.17105263157894735,0.1728395061728395,0.07142857142857142,0.005196032120925879,17.721518987341774
74,83,DE228,9275.0,BY,,,3.0,"Passau, Landkreis",22094,31067,191000,80,83,2.0,5.0,"[[[13.330701779096598, 48.580844732431316]]]",[[21.605145739417]],0.02631578947368421,0.04938271604938271,0.42857142857142855,0.30472103004291845,3.664921465968586
75,84,DE229,9276.0,BY,,,3.0,"Regen, Landkreis",21567,32720,78000,81,84,0.0,4.0,"[[[13.084853253466049, 49.02396676895471]]]",[[17.762475072226632]],0.0,0.037037037037037035,1.0,1.0,5.128205128205128
76,85,DE22A,9277.0,BY,,,3.0,"Rottal-Inn, Landkreis",23751,33109,121000,82,85,2.0,7.0,"[[[12.831466342463687, 48.45050447637389]]]",[[19.68624027063993]],0.02631578947368421,0.07407407407407407,0.5555555555555556,0.47572815533980584,7.43801652892562
77,86,DE22B,9278.0,BY,,,3.0,"Straubing-Bogen, Landkreis",23480,28440,100000,83,86,4.0,8.0,"[[[12.572155882330556, 48.88971676545989]]]",[[20.471859320413827]],0.05263157894736842,0.08641975308641975,0.3333333333333333,0.24299065420560748,12.0
78,87,DE22C,9279.0,BY,,,3.0,"Dingolfing-Landau, Landkreis",24859,61168,96000,74,87,3.0,2.0,"[[[12.62518222748293, 48.644205184209966]]]",[[17.15823274925031]],0.039473684210526314,0.012345679012345678,-0.2,-0.5235109717868338,5.208333333333334
79,89,DE231,9361.0,BY,,,3.0,"Amberg, Kreisfreie Stadt",21981,61617,42000,122,89,4.0,4.0,"[[[11.854139668600933, 49.46509960719521]]]",[[4.0724296784951814]],0.05263157894736842,0.037037037037037035,0.0,-0.17391304347826086,19.047619047619047
80,90,DE232,9362.0,BY,,,3.0,"Regensburg, Kreisfreie Stadt",23093,87245,152000,126,90,14.0,12.0,"[[[12.114004640018265, 49.03599458582264]]]",[[4.664959520951625]],0.18421052631578946,0.13580246913580246,-0.07692307692307693,-0.15126903553299495,17.105263157894736
81,91,DE233,9363.0,BY,,,3.0,"Weiden i.d.OPf., Kreisfreie Stadt",22439,55976,43000,130,91,4.0,1.0,"[[[12.149198320176907, 49.66759257846414]]]",[[5.092404063325071]],0.05263157894736842,0.0,-0.6,-1.0,11.627906976744187
82,92,DE234,9371.0,BY,,,3.0,"Amberg-Sulzbach, Landkreis",22751,27788,103000,121,92,9.0,10.0,"[[[11.800346165332796, 49.51547597624353]]]",[[22.128126890763212]],0.11842105263157894,0.1111111111111111,0.05263157894736842,-0.03184713375796178,18.446601941747574
83,93,DE235,9372.0,BY,,,3.0,"Cham, Landkreis",23002,37787,128000,123,93,2.0,8.0,"[[[12.676313285827673, 49.236701253255255]]]",[[23.156476995174756]],0.02631578947368421,0.08641975308641975,0.6,0.5331412103746398,7.8125
84,94,DE236,9373.0,BY,,,3.0,"Neumarkt i.d.OPf., Landkreis",24718,39375,133000,124,94,4.0,7.0,"[[[11.530267783573741, 49.21871092660091]]]",[[20.85866570356384]],0.05263157894736842,0.07407407407407407,0.2727272727272727,0.16923076923076924,8.270676691729324
85,95,DE237,9374.0,BY,,,3.0,"Neustadt a.d.Waldnaab, Landkreis",22309,32190,94000,125,95,5.0,7.0,"[[[12.092804749806763, 49.69002243966771]]]",[[21.54357186507302]],0.06578947368421052,0.07407407407407407,0.16666666666666666,0.05923344947735192,12.76595744680851
86,96,DE238,9375.0,BY,,,3.0,"Regensburg, Landkreis",24184,25547,193000,127,96,20.0,19.0,"[[[12.108730843487951, 49.01513936659874]]]",[[21.33928760330166]],0.2631578947368421,0.2222222222222222,-0.02564102564102564,-0.08433734939759036,20.207253886010363
87,97,DE239,9376.0,BY,,,3.0,"Schwandorf, Landkreis",22104,36678,147000,128,97,5.0,4.0,"[[[12.279228131646066, 49.357210469422796]]]",[[22.227771516057842]],0.06578947368421052,0.037037037037037035,-0.1111111111111111,-0.2796208530805687,6.122448979591836
88,98,DE23A,9377.0,BY,,,3.0,"Tirschenreuth, Landkreis",22122,36434,73000,129,98,6.0,6.0,"[[[12.155955297905146, 49.890016856946495]]]",[[18.757739224060835]],0.07894736842105263,0.06172839506172839,0.0,-0.12240184757505773,16.438356164383563
89,100,DE241,9461.0,BY,,,3.0,"Bamberg, Kreisfreie Stadt",22047,63945,77000,108,100,8.0,14.0,"[[[10.889455413818382, 49.89748611450203]]]",[[4.196078582085898]],0.10526315789473684,0.16049382716049382,0.2727272727272727,0.2078239608801956,28.571428571428573
90,101,DE242,9462.0,BY,,,3.0,"Bayreuth, Kreisfreie Stadt",21069,63954,74000,110,101,8.0,6.0,"[[[11.585671718303983, 49.93726583627558]]]",[[5.038898435035785]],0.10526315789473684,0.06172839506172839,-0.14285714285714285,-0.2607003891050584,18.91891891891892
91,102,DE243,9463.0,BY,,,3.0,"Coburg, Kreisfreie Stadt",24754,98042,41000,112,102,2.0,2.0,"[[[10.962982091036725, 50.258234544233886]]]",[[4.1120981035256445]],0.02631578947368421,0.012345679012345678,0.0,-0.36134453781512604,9.75609756097561
92,103,DE244,9464.0,BY,,,3.0,"Hof, Kreisfreie Stadt",20353,43132,46000,115,103,5.0,5.0,"[[[11.900833129882841, 50.33121490478521]]]",[[4.014075542411944]],0.06578947368421052,0.04938271604938271,0.0,-0.14245416078984485,21.73913043478261
93,104,DE245,9471.0,BY,,,3.0,"Bamberg, Landkreis",23121,26300,147000,109,104,12.0,25.0,"[[[10.824038195610088, 49.8946625232697]]]",[[20.65649034438449]],0.15789473684210525,0.2962962962962963,0.35135135135135137,0.30472103004291845,25.17006802721088
94,105,DE246,9472.0,BY,,,3.0,"Bayreuth, Landkreis",22691,21797,104000,111,105,12.0,15.0,"[[[11.561853797347503, 49.88305277883275]]]",[[21.760910833435524]],0.15789473684210525,0.1728395061728395,0.1111111111111111,0.04518664047151277,25.96153846153846
95,106,DE247,9473.0,BY,,,3.0,"Coburg, Landkreis",26362,27065,87000,113,106,6.0,6.0,"[[[10.938418435268746, 50.248052690849974]]]",[[14.538238460018198]],0.07894736842105263,0.06172839506172839,0.0,-0.12240184757505773,13.793103448275863
96,107,DE248,9474.0,BY,,,3.0,"Forchheim, Landkreis",24725,30519,116000,114,107,22.0,16.0,"[[[11.17227382245275, 49.71668624877935]]]",[[14.419579507507787]],0.2894736842105263,0.18518518518518517,-0.15789473684210525,-0.21971252566735117,32.758620689655174
97,108,DE249,9475.0,BY,,,3.0,"Hof, Landkreis",22200,35285,96000,116,108,6.0,10.0,"[[[11.807015312430684, 50.2645944385533]]]",[[17.463584656240698]],0.07894736842105263,0.1111111111111111,0.25,0.16923076923076924,16.666666666666668
98,109,DE24A,9476.0,BY,,,3.0,"Kronach, Landkreis",23120,33056,67000,117,109,2.0,2.0,"[[[11.370190670615779, 50.33576630709469]]]",[[14.852455218729244]],0.02631578947368421,0.012345679012345678,0.0,-0.36134453781512604,5.970149253731344
99,110,DE24B,9477.0,BY,,,3.0,"Kulmbach, Landkreis",23725,35353,72000,118,110,2.0,6.0,"[[[11.488627543816243, 50.11655704791734]]]",[[14.924757000811304]],0.02631578947368421,0.06172839506172839,0.5,0.4022140221402214,11.111111111111112
100,111,DE24C,9478.0,BY,,,3.0,"Lichtenfels, Landkreis",22301,36212,67000,119,111,3.0,2.0,"[[[11.131286888122595, 50.09814262390141]]]",[[13.474401318939185]],0.039473684210526314,0.012345679012345678,-0.2,-0.5235109717868338,7.462686567164179
101,112,DE24D,9479.0,BY,,,3.0,"Wunsiedel i.Fichtelgebirge, Landkreis",22480,34923,73000,120,112,4.0,1.0,"[[[12.030913861592664, 50.1061426798503]]]",[[13.804198257614335]],0.05263157894736842,0.0,-0.6,-1.0,6.8493150684931505
102,114,DE251,9561.0,BY,,,3.0,"Ansbach, Kreisfreie Stadt",22559,58222,42000,30,114,7.0,2.0,"[[[10.57057914733889, 49.294073232015]]]",[[6.0076071064022125]],0.09210526315789473,0.012345679012345678,-0.5555555555555556,-0.7636080870917574,21.428571428571427
103,115,DE252,9562.0,BY,,,3.0,"Erlangen, Kreisfreie Stadt",24712,98097,111000,33,115,19.0,14.0,"[[[10.970972469874814, 49.58830179486961]]]",[[5.339424221623465]],0.25,0.16049382716049382,-0.15151515151515152,-0.2180451127819549,29.729729729729733
104,116,DE253,9563.0,BY,,,3.0,"Fürth, Kreisfreie Stadt",23795,37656,127000,34,116,16.0,30.0,"[[[10.980822563171452, 49.49409262339277]]]",[[4.597475318621609]],0.21052631578947367,0.35802469135802467,0.30434782608695654,0.2594285714285714,36.22047244094488
105,117,DE254,9564.0,BY,,,3.0,"Nürnberg, Kreisfreie Stadt",22748,60711,517000,68,117,39.0,59.0,"[[[11.1604893684388, 49.456731033325234], [11.031778240203892, 49.504879760742234], [11.077950286865308, 49.373458099365294]]]","[[3.7995157248417364, 3.45758592281219, 4.001237999854325]]",0.513157894736842,0.7160493827160492,0.20408163265306123,0.16505880798202718,18.955512572533852
106,118,DE255,9565.0,BY,,,3.0,"Schwabach, Kreisfreie Stadt",26190,36114,41000,71,118,4.0,6.0,"[[[11.035294899573724, 49.32950650728667]]]",[[3.8094926895981303]],0.05263157894736842,0.06172839506172839,0.2,0.07954545454545454,24.390243902439025
107,119,DE256,9571.0,BY,,,3.0,"Ansbach, Landkreis",23483,31306,184000,31,119,22.0,16.0,"[[[10.415645230900193, 49.2570866671476]]]",[[25.37791210081738]],0.2894736842105263,0.18518518518518517,-0.15789473684210525,-0.21971252566735117,20.65217391304348
108,120,DE257,9572.0,BY,,,3.0,"Erlangen-Höchstadt, Landkreis",26313,38568,136000,32,120,27.0,30.0,"[[[10.972762046716197, 49.6270235990867]]]",[[14.45366672337289]],0.35526315789473684,0.35802469135802467,0.05263157894736842,0.0038715554543384003,41.91176470588235
109,121,DE258,9573.0,BY,,,3.0,"Fürth, Landkreis",25388,23063,117000,66,121,20.0,31.0,"[[[10.84982231140139, 49.46157028198245]]]",[[9.958679311066106]],0.2631578947368421,0.37037037037037035,0.21568627450980393,0.1692307692307692,43.58974358974359
110,122,DE259,9574.0,BY,,,3.0,"Nürnberger Land, Landkreis",25830,32104,170000,69,122,9.0,20.0,"[[[11.37540713946029, 49.49710508982345]]]",[[16.99846614812773]],0.11842105263157894,0.2345679012345679,0.3793103448275862,0.3290381960423378,17.058823529411764
111,123,DE25A,9575.0,BY,,,3.0,"Neustadt a.d.Aisch-Bad Windsheim, Landkreis",23283,30191,100000,67,123,10.0,3.0,"[[[10.456158006892531, 49.565723755780425]]]",[[20.10550105119373]],0.13157894736842105,0.024691358024691357,-0.5384615384615384,-0.683991683991684,12.999999999999998
112,124,DE25B,9576.0,BY,,,3.0,"Roth, Landkreis",24605,29704,127000,70,124,13.0,17.0,"[[[11.153576241599241, 49.21729109022356]]]",[[17.599825867959233]],0.17105263157894735,0.19753086419753085,0.13333333333333333,0.07183781401498461,23.62204724409449
113,125,DE25C,9577.0,BY,,,3.0,"Weißenburg-Gunzenhausen, Landkreis",22892,32063,94000,72,125,1.0,7.0,"[[[10.90451609646837, 49.01161052562576]]]",[[17.395693823961757]],0.013157894736842105,0.07407407407407407,0.75,0.6983240223463687,8.51063829787234
114,127,DE261,9661.0,BY,,,3.0,"Aschaffenburg, Kreisfreie Stadt",24114,74500,70000,145,127,14.0,12.0,"[[[9.15126579999924, 49.970387458801305]]]",[[4.740103249858695]],0.18421052631578946,0.13580246913580246,-0.07692307692307693,-0.15126903553299495,37.142857142857146
115,128,DE262,9662.0,BY,,,3.0,"Schweinfurt, Kreisfreie Stadt",21029,105637,54000,153,128,7.0,9.0,"[[[10.22939029106731, 50.05263313880341]]]",[[3.589651658701004]],0.09210526315789473,0.09876543209876543,0.125,0.03489361702127659,29.62962962962963
116,129,DE263,9663.0,BY,,,3.0,"Würzburg, Kreisfreie Stadt",24272,64131,127000,155,129,27.0,21.0,"[[[9.933132595486162, 49.78366110059955]]]",[[5.465307714859091]],0.35526315789473684,0.24691358024691357,-0.125,-0.17992986242244405,37.795275590551185
117,130,DE264,9671.0,BY,,,3.0,"Aschaffenburg, Landkreis",24745,33636,174000,146,130,30.0,15.0,"[[[9.23909128757948, 49.98410395572064]]]",[[14.114089466262122]],0.39473684210526316,0.1728395061728395,-0.3333333333333333,-0.3909559244419004,25.862068965517242
118,131,DE265,9672.0,BY,,,3.0,"Bad Kissingen, Landkreis",22814,32687,103000,147,131,7.0,6.0,"[[[9.999904544729977, 50.2456059204905]]]",[[19.91734254652663]],0.09210526315789473,0.06172839506172839,-0.07692307692307693,-0.19746568109820484,12.621359223300969
119,132,DE266,9673.0,BY,,,3.0,"Rhön-Grabfeld, Landkreis",23050,40565,80000,152,132,3.0,2.0,"[[[10.285949764829732, 50.349356044422535]]]",[[18.10310096670567]],0.039473684210526314,0.012345679012345678,-0.2,-0.5235109717868338,6.25
120,133,DE267,9674.0,BY,,,3.0,"Haßberge, Landkreis",22335,32371,85000,148,133,2.0,10.0,"[[[10.615246846125709, 50.03499092688932]]]",[[17.758903014934564]],0.02631578947368421,0.1111111111111111,0.6666666666666666,0.6170212765957447,14.117647058823529
121,134,DE268,9675.0,BY,,,3.0,"Kitzingen, Landkreis",23553,35519,91000,149,134,6.0,4.0,"[[[10.300307993618983, 49.753297481896794]]]",[[14.372788165910926]],0.07894736842105263,0.037037037037037035,-0.2,-0.36134453781512604,10.989010989010989
122,135,DE269,9676.0,BY,,,3.0,"Miltenberg, Landkreis",23343,34398,129000,151,135,21.0,9.0,"[[[9.257205436478822, 49.77725447469687]]]",[[14.431983690329998]],0.2763157894736842,0.09876543209876543,-0.4,-0.4733650931139021,23.255813953488374
123,136,DE26A,9677.0,BY,,,3.0,"Main-Spessart, Landkreis",23587,37038,126000,150,136,13.0,2.0,"[[[9.661867979410571, 49.9894901481835]]]",[[21.36236548261004]],0.17105263157894735,0.012345679012345678,-0.7333333333333333,-0.8653675819309123,11.904761904761905
124,137,DE26B,9678.0,BY,,,3.0,"Schweinfurt, Landkreis",23143,22360,115000,154,137,10.0,17.0,"[[[10.300695340927376, 50.00024440190568]]]",[[16.894864391512517]],0.13157894736842105,0.19753086419753085,0.25925925925925924,0.2003948667324778,23.47826086956522
125,138,DE26C,9679.0,BY,,,3.0,"Würzburg, Landkreis",23740,28984,162000,156,138,41.0,26.0,"[[[9.91364588666323, 49.73042980592648]]]",[[18.835855468134532]],0.5394736842105263,0.30864197530864196,-0.22388059701492538,-0.27217008235970125,41.358024691358025
126,140,DE271,9761.0,BY,,,3.0,"Augsburg, Kreisfreie Stadt",20053,49447,294000,132,140,31.0,26.0,"[[[10.88127844674253, 48.34293165661046]]]",[[7.250935116882806]],0.40789473684210525,0.30864197530864196,-0.08771929824561403,-0.1385173430061211,19.387755102040817
127,141,DE272,9762.0,BY,,,3.0,"Kaufbeuren, Kreisfreie Stadt",22598,38941,44000,137,141,2.0,2.0,"[[[10.621518655256834, 47.89056673916905]]]",[[3.9867578566970043]],0.02631578947368421,0.012345679012345678,0.0,-0.36134453781512604,9.09090909090909
128,142,DE273,9763.0,BY,,,3.0,"Kempten (Allgäu), Kreisfreie Stadt",22064,53324,69000,138,142,4.0,7.0,"[[[10.293215942382874, 47.73728790283208]]]",[[4.485426549063025]],0.05263157894736842,0.07407407407407407,0.2727272727272727,0.16923076923076924,15.942028985507246
129,143,DE274,9764.0,BY,,,3.0,"Memmingen, Kreisfreie Stadt",27460,62187,44000,140,143,1.0,4.0,"[[[10.171313842137684, 48.00228341420496]]]",[[5.554691727359128]],0.013157894736842105,0.037037037037037035,0.6,0.47572815533980584,11.363636363636363
130,144,DE275,9771.0,BY,,,3.0,"Aichach-Friedberg, Landkreis",25751,27711,133000,131,144,35.0,29.0,"[[[11.07278788531271, 48.392173201949554]]]",[[16.747220706957663]],0.4605263157894737,0.345679012345679,-0.09375,-0.14245416078984488,48.1203007518797
131,145,DE276,9772.0,BY,,,3.0,"Augsburg, Landkreis",25088,30442,251000,133,145,38.0,28.0,"[[[10.747108156030874, 48.35593755317463]]]",[[19.150871061164526]],0.5,0.3333333333333333,-0.15151515151515152,-0.20000000000000004,26.294820717131476
132,146,DE277,9773.0,BY,,,3.0,"Dillingen a.d.Donau, Landkreis",24400,35736,96000,134,146,2.0,4.0,"[[[10.542162221053594, 48.617897559856594]]]",[[15.669773688396704]],0.02631578947368421,0.037037037037037035,0.3333333333333333,0.16923076923076924,6.25
133,147,DE278,9774.0,BY,,,3.0,"Günzburg, Landkreis",24434,45057,125000,136,147,5.0,6.0,"[[[10.386572126908776, 48.344203671542125]]]",[[16.174370975935698]],0.06578947368421052,0.06172839506172839,0.09090909090909091,-0.03184713375796179,8.799999999999999
134,148,DE279,9775.0,BY,,,3.0,"Neu-Ulm, Landkreis",24479,39233,173000,141,148,11.0,15.0,"[[[10.15759784525094, 48.31249609860513]]]",[[13.718404934550152]],0.14473684210526316,0.1728395061728395,0.15384615384615385,0.08849104859335033,15.028901734104045
135,149,DE27A,9776.0,BY,,,3.0,"Lindau (Bodensee), Landkreis",26816,37939,81000,139,149,3.0,6.0,"[[[9.856059998273935, 47.59796881675729]]]",[[11.53512123704527]],0.039473684210526314,0.06172839506172839,0.3333333333333333,0.21990369181380418,11.111111111111112
136,150,DE27B,9777.0,BY,,,3.0,"Ostallgäu, Landkreis",23686,36140,140000,143,150,7.0,9.0,"[[[10.626183145501685, 47.825588869244896]]]",[[21.94891953816954]],0.09210526315789473,0.09876543209876543,0.125,0.03489361702127659,11.428571428571429
137,151,DE27C,9778.0,BY,,,3.0,"Unterallgäu, Landkreis",25277,38173,143000,144,151,8.0,10.0,"[[[10.371065280654259, 48.03912604938859]]]",[[20.1808634371558]],0.10526315789473684,0.1111111111111111,0.1111111111111111,0.02702702702702703,12.587412587412587
138,152,DE27D,9779.0,BY,,,3.0,"Donau-Ries, Landkreis",25092,49613,133000,135,152,2.0,1.0,"[[[10.712352599626733, 48.815914577908025]]]",[[19.64691666101474]],0.02631578947368421,0.0,-0.3333333333333333,-1.0,2.255639097744361
139,153,DE27E,9780.0,BY,,,3.0,"Oberallgäu, Landkreis",24617,32572,155000,142,153,10.0,14.0,"[[[10.242142091478728, 47.59015922546396]]]",[[23.31893731255278]],0.13157894736842105,0.16049382716049382,0.16666666666666666,0.0989988876529477,15.483870967741936
140,154,DE3,11.0,BE,1.0,2.0,3.0,Berlin,20972,40105,3629000,157,154,76.0,82.0,"[[[13.182935124351916, 52.548750559488965], [13.672735002305826, 52.425218582153356], [13.452527109781961, 52.63788706461592], [13.37441210313283, 52.39996095137165]]]","[[8.616792220884735, 7.128230609225058, 4.891308422458672, 4.98878014299546]]",1.0,1.0,0.0379746835443038,0.0,4.353816478368697
141,156,DE401,12051.0,BB,,,3.0,"Brandenburg an der Havel, Kreisfreie Stadt",18473,31709,72000,159,156,6.0,4.0,"[[[12.508466280423729, 52.41671943664554]]]",[[7.760121727007549]],0.07894736842105263,0.037037037037037035,-0.2,-0.36134453781512604,13.88888888888889
142,157,DE402,12052.0,BB,,,3.0,"Cottbus, Kreisfreie Stadt",19172,35063,101000,160,157,3.0,15.0,"[[[14.387553179705625, 51.77793912534365]]]",[[7.32344238204186]],0.039473684210526314,0.1728395061728395,0.6666666666666666,0.6281560826319815,17.82178217821782
143,158,DE403,12053.0,BB,,,3.0,"Frankfurt (Oder), Kreisfreie Stadt",18263,37277,58000,163,158,3.0,7.0,"[[[14.495151247297043, 52.32753426688062]]]",[[7.010294201362577]],0.039473684210526314,0.07407407407407407,0.4,0.30472103004291845,17.241379310344826
144,159,DE404,12054.0,BB,,,3.0,"Potsdam, Kreisfreie Stadt",21208,42440,177000,171,159,12.0,28.0,"[[[13.069840887318518, 52.39375935430116]]]",[[6.158785645114863]],0.15789473684210525,0.3333333333333333,0.4,0.35714285714285715,22.598870056497177
145,160,DE405,12060.0,BB,,,3.0,"Barnim, Landkreis",20779,22033,182000,158,160,9.0,6.0,"[[[13.677576253580526, 52.815888072169145]]]",[[22.208769876763803]],0.11842105263157894,0.06172839506172839,-0.2,-0.3146979260595131,8.241758241758241
146,161,DE406,12061.0,BB,,,3.0,"Dahme-Spreewald, Landkreis",21267,33496,168000,161,161,12.0,17.0,"[[[13.814681376441092, 52.07886631205935]]]",[[28.42973198147212]],0.15789473684210525,0.19753086419753085,0.1724137931034483,0.11151736745886655,17.261904761904763
147,162,DE407,12062.0,BB,,,3.0,"Elbe-Elster, Landkreis",19046,24692,103000,162,162,1.0,2.0,"[[[13.500274910984293, 51.58490716405666]]]",[[24.102119904046653]],0.013157894736842105,0.012345679012345678,0.3333333333333333,-0.03184713375796178,2.912621359223301
148,163,DE408,12063.0,BB,,,3.0,"Havelland, Landkreis",20533,20987,161000,164,163,6.0,7.0,"[[[12.632625668547904, 52.604057755581216]]]",[[25.07702997934064]],0.07894736842105263,0.07407407407407407,0.07692307692307693,-0.03184713375796178,8.074534161490682
149,164,DE409,12064.0,BB,,,3.0,"Märkisch-Oderland, Landkreis",20684,21456,194000,165,164,12.0,13.0,"[[[14.067673912967583, 52.583307610936956]]]",[[26.615870024396564]],0.15789473684210525,0.14814814814814814,0.04,-0.03184713375796178,12.88659793814433
150,165,DE40A,12065.0,BB,,,3.0,"Oberhavel, Landkreis",21315,26698,211000,166,165,11.0,8.0,"[[[13.216559163985751, 52.86983182353362]]]",[[24.38523231360157]],0.14473684210526316,0.08641975308641975,-0.15789473684210525,-0.25228390723822913,9.004739336492891
151,166,DE40B,12066.0,BB,,,3.0,"Oberspreewald-Lausitz, Landkreis",19809,27714,111000,167,166,7.0,5.0,"[[[13.919344513039873, 51.59722820081215]]]",[[21.04438955784031]],0.09210526315789473,0.04938271604938271,-0.16666666666666666,-0.3019517795637198,10.81081081081081
152,167,DE40C,12067.0,BB,,,3.0,"Oder-Spree, Landkreis",20685,26028,179000,168,167,6.0,12.0,"[[[14.135574488963938, 52.25735547704608]]]",[[27.00014017946398]],0.07894736842105263,0.13580246913580246,0.3333333333333333,0.264750378214826,10.05586592178771
153,168,DE40D,12068.0,BB,,,3.0,"Ostprignitz-Ruppin, Landkreis",19058,26568,99000,169,168,2.0,4.0,"[[[12.630238366358524, 52.998176648778866]]]",[[28.459440897172172]],0.02631578947368421,0.037037037037037035,0.3333333333333333,0.16923076923076924,6.0606060606060606
154,169,DE40E,12069.0,BB,,,3.0,"Potsdam-Mittelmark, Landkreis",23093,25317,214000,170,169,22.0,37.0,"[[[12.736672303033291, 52.336107647608245]]]",[[27.653336055296865]],0.2894736842105263,0.4444444444444444,0.2542372881355932,0.21115537848605573,27.570093457943926
155,170,DE40F,12070.0,BB,,,3.0,"Prignitz, Landkreis",19218,26555,77000,172,170,5.0,2.0,"[[[11.983803039942076, 53.134093553592045]]]",[[26.9080340774075]],0.06578947368421052,0.012345679012345678,-0.42857142857142855,-0.683991683991684,9.09090909090909
156,171,DE40G,12071.0,BB,,,3.0,"Spree-Neiße, Landkreis",20450,32674,115000,173,171,14.0,21.0,"[[[14.436038167853148, 51.76941747832721]]]",[[24.96298008332005]],0.18421052631578946,0.24691358024691357,0.2,0.14544084400904295,30.43478260869565
157,172,DE40H,12072.0,BB,,,3.0,"Teltow-Fläming, Landkreis",20241,35603,168000,174,172,15.0,7.0,"[[[13.270711366232376, 52.07916319215457]]]",[[26.834120518002994]],0.19736842105263158,0.07407407407407407,-0.36363636363636365,-0.4542190305206463,13.095238095238095
158,173,DE40I,12073.0,BB,,,3.0,"Uckermark, Landkreis",18493,29519,120000,175,173,5.0,1.0,"[[[13.824459629674157, 53.22868215909572]]]",[[30.319383458382127]],0.06578947368421052,0.0,-0.6666666666666666,-1.0,5.0
159,175,DE501,4011.0,HB,,,3.0,"Bremen, Kreisfreie Stadt",20000,50675,569000,176,175,34.0,43.0,"[[[8.769885362897645, 53.12287739345011]]]",[[12.07573730548108]],0.4473684210526315,0.5185185185185184,0.11688311688311688,0.07366296670030265,13.53251318101933
160,177,DE6,2.0,HH,1.0,2.0,3.0,Hamburg,25029,64771,1836000,177,177,65.0,73.0,"[[[9.834734006361579, 53.532863270152724], [10.185990623805864, 53.49434015025268], [10.126126646995587, 53.69119811058049]]]","[[9.047587164926682, 8.390401196106886, 5.867175169678449]]",0.8552631578947368,0.8888888888888888,0.057971014492753624,0.019279128248113977,7.516339869281046
161,180,DE711,6411.0,HE,,,3.0,"Darmstadt, Wissenschaftsstadt, Kreisfreie Stadt",23290,77892,159000,180,180,31.0,20.0,"[[[8.669330324445488, 49.87280400594082]]]",[[6.62492078893679]],0.40789473684210525,0.2345679012345679,-0.21568627450980393,-0.26978508217446273,32.07547169811321
162,181,DE712,6412.0,HE,,,3.0,"Frankfurt am Main, Kreisfreie Stadt",23436,94190,750000,181,181,40.0,38.0,"[[[8.569218873977666, 50.0703325271607], [8.761037239661631, 50.15363781268785]]]","[[5.230363760878501, 5.396729158085455]]",0.5263157894736842,0.4567901234567901,-0.02564102564102564,-0.07072042300066095,10.399999999999999
163,182,DE713,6413.0,HE,,,3.0,"Offenbach am Main, Kreisfreie Stadt",18739,37008,128000,187,182,15.0,13.0,"[[[8.800687980651878, 50.09113286336266]]]",[[4.1124838019763015]],0.19736842105263158,0.14814814814814814,-0.07142857142857142,-0.14245416078984488,21.875
164,183,DE714,6414.0,HE,,,3.0,"Wiesbaden, Landeshauptstadt, Kreisfreie Stadt",25338,63527,278000,191,183,23.0,21.0,"[[[8.36206912994387, 50.068682988484746], [8.178518381985752, 50.07894620028414]]]","[[5.002328696099359, 4.891793131936598]]",0.3026315789473684,0.24691358024691357,-0.045454545454545456,-0.10138929943836834,15.827338129496404
165,184,DE715,6431.0,HE,,,3.0,"Bergstraße, Landkreis",24752,28488,269000,178,184,39.0,13.0,"[[[8.878253936767715, 49.45080693562832]], [[8.70227427815292, 49.628961784895154]]]","[[4.488303036956015], [13.301260739008411]]",0.513157894736842,0.14814814814814814,-0.5,-0.5519528371407516,19.33085501858736
166,185,DE716,6432.0,HE,,,3.0,"Darmstadt-Dieburg, Landkreis",24905,28834,297000,179,185,54.0,31.0,"[[[8.64197356700901, 49.84557161331181], [8.975434899330178, 49.87007474899298]]]","[[9.103637540025918, 8.75281553436233]]",0.7105263157894737,0.37037037037037035,-0.27058823529411763,-0.3146979260595131,28.619528619528623
167,186,DE717,6433.0,HE,,,3.0,"Groß-Gerau, Landkreis",22014,45716,273000,182,186,34.0,14.0,"[[[8.482137934366914, 49.79395370483404], [8.526122411092137, 49.99380747477217]]]","[[8.085210768285945, 8.490554678598938]]",0.4473684210526315,0.16049382716049382,-0.4166666666666667,-0.47194013896312137,17.58241758241758
168,187,DE718,6434.0,HE,,,3.0,Hochtaunuskreis,35041,49268,236000,183,187,9.0,10.0,"[[[8.500343941353512, 50.27995424012885]]]",[[12.44194425204352]],0.11842105263157894,0.1111111111111111,0.05263157894736842,-0.03184713375796178,8.050847457627118
169,188,DE719,6435.0,HE,,,3.0,Main-Kinzig-Kreis,24607,36532,419000,184,188,25.0,7.0,"[[[9.264102332199714, 50.264687357069626]]]",[[21.221764593571887]],0.3289473684210526,0.07407407407407407,-0.5625,-0.6324062877871826,7.637231503579953
170,189,DE71A,6436.0,HE,,,3.0,Main-Taunus-Kreis,28550,55311,237000,185,189,32.0,20.0,"[[[8.441634694735237, 50.106088956197134]]]",[[8.84452406101336]],0.42105263157894735,0.2345679012345679,-0.23076923076923078,-0.28444003964321113,21.940928270042193
171,190,DE71B,6437.0,HE,,,3.0,Odenwaldkreis,22564,26668,97000,186,190,19.0,6.0,"[[[9.011494497458179, 49.68284702301031]]]",[[15.33509766420625]],0.25,0.06172839506172839,-0.52,-0.6039603960396039,25.77319587628866
172,191,DE71C,6438.0,HE,,,3.0,"Offenbach, Landkreis",24880,41103,353000,188,191,40.0,22.0,"[[[8.715536464344392, 50.007578069513514], [8.935849582447773, 50.06379856782804]]]","[[7.896267213965606, 7.282349982053171]]",0.5263157894736842,0.25925925925925924,-0.2903225806451613,-0.33995037220843677,17.56373937677054
173,192,DE71D,6439.0,HE,,,3.0,Rheingau-Taunus-Kreis,26153,25798,187000,189,192,36.0,31.0,"[[[8.101827348981626, 50.163511003766786]]]",[[16.299107841625055]],0.47368421052631576,0.37037037037037035,-0.07462686567164178,-0.12240184757505773,35.82887700534759
174,193,DE71E,6440.0,HE,,,3.0,Wetteraukreis,24647,29667,306000,190,193,22.0,19.0,"[[[8.931817283093125, 50.35307962122103]]]",[[18.82752279224038]],0.2894736842105263,0.2222222222222222,-0.07317073170731707,-0.13142857142857148,13.398692810457515
175,195,DE721,6531.0,HE,,,3.0,"Gießen, Landkreis",21363,36057,268000,192,195,24.0,35.0,"[[[8.819273600211549, 50.554297447204625]]]",[[16.95232193859945]],0.3157894736842105,0.41975308641975306,0.1864406779661017,0.1413427561837456,22.01492537313433
176,196,DE722,6532.0,HE,,,3.0,Lahn-Dill-Kreis,23693,34525,254000,193,196,27.0,37.0,"[[[8.404458885192913, 50.624406051635795]]]",[[19.306391426681728]],0.35526315789473684,0.4444444444444444,0.15625,0.11151736745886652,25.19685039370079
177,197,DE723,6533.0,HE,,,3.0,"Limburg-Weilburg, Landkreis",22913,30732,172000,194,197,6.0,5.0,"[[[8.236195814041922, 50.425715855189786]]]",[[15.715875504261398]],0.07894736842105263,0.04938271604938271,-0.09090909090909091,-0.23037974683544304,6.395348837209303
178,198,DE724,6534.0,HE,,,3.0,"Marburg-Biedenkopf, Landkreis",21581,38530,246000,195,198,18.0,18.0,"[[[8.807675091725532, 50.84856702696608]]]",[[20.35636789874373]],0.23684210526315788,0.20987654320987653,0.0,-0.06036363636363636,14.634146341463413
179,199,DE725,6535.0,HE,,,3.0,Vogelsbergkreis,22146,27295,106000,196,199,4.0,5.0,"[[[9.309336962765258, 50.61682144583092]]]",[[21.020012996986082]],0.05263157894736842,0.04938271604938271,0.1111111111111111,-0.03184713375796178,8.49056603773585
180,201,DE731,6611.0,HE,,,3.0,"Kassel, documenta-Stadt, Kreisfreie Stadt",19781,51960,201000,199,201,12.0,22.0,"[[[9.493214356271901, 51.315336327803806]]]",[[5.943721622702178]],0.15789473684210525,0.25925925925925924,0.29411764705882354,0.24299065420560748,16.91542288557214
181,202,DE732,6631.0,HE,,,3.0,"Fulda, Landkreis",22798,37818,222000,197,202,5.0,8.0,"[[[9.757544533411693, 50.60179437001551]]]",[[19.635254006548205]],0.06578947368421052,0.08641975308641975,0.23076923076923078,0.13553895410885808,5.855855855855856
182,203,DE733,6632.0,HE,,,3.0,"Hersfeld-Rotenburg, Landkreis",21905,36666,121000,198,203,7.0,3.0,"[[[9.778694516136564, 50.889902811201836]]]",[[18.84201229302522]],0.09210526315789473,0.024691358024691357,-0.4,-0.5771905424200278,8.264462809917356
183,204,DE734,6633.0,HE,,,3.0,"Kassel, Landkreis",23090,30500,237000,200,204,15.0,30.0,"[[[9.430042581459947, 51.35320624125377]]]",[[19.079047876741818]],0.19736842105263158,0.35802469135802467,0.3333333333333333,0.28926586721263525,18.987341772151897
184,205,DE735,6634.0,HE,,,3.0,Schwalm-Eder-Kreis,22399,31001,180000,201,205,8.0,15.0,"[[[9.370903861354817, 51.03671232411564]]]",[[22.39900371917044]],0.10526315789473684,0.1728395061728395,0.30434782608695654,0.24299065420560748,12.777777777777779
185,206,DE736,6635.0,HE,,,3.0,"Waldeck-Frankenberg, Landkreis",22456,37673,157000,202,206,4.0,19.0,"[[[8.913357782363928, 51.20632061958318]]]",[[25.192207244156066]],0.05263157894736842,0.2222222222222222,0.6521739130434783,0.6170212765957447,14.649681528662422
186,207,DE737,6636.0,HE,,,3.0,Werra-Meißner-Kreis,21156,25085,101000,203,207,4.0,7.0,"[[[9.934883619609671, 51.22090615724269]]]",[[19.19982116750582]],0.05263157894736842,0.07407407407407407,0.2727272727272727,0.16923076923076924,10.891089108910892
187,208,DE8,13.0,MV,1.0,2.0,,Mecklenburg-Vorpommern,19470,27747,1610000,209,208,6.0,6.0,"[[[13.245457438418773, 53.419335455643555]]]",[[25.34606098766204]],0.07894736842105263,0.06172839506172839,0.0,-0.12240184757505773,0.7453416149068323
188,209,DE803,13003.0,MV,,,3.0,"Rostock, Hansestadt, Kreisfreie Stadt",18905,36270,209000,216,209,13.0,10.0,"[[[12.13206404447567, 54.153131127357554]]]",[[6.677460215593527]],0.17105263157894735,0.1111111111111111,-0.13043478260869565,-0.2124352331606217,11.004784688995215
189,210,DE804,13004.0,MV,,,3.0,"Schwerin, Landeshauptstadt, Kreisfreie Stadt",19724,39728,96000,218,210,8.0,8.0,"[[[11.40020736058556, 53.6127287546794]]]",[[6.71916086122202]],0.10526315789473684,0.08641975308641975,0.0,-0.09830508474576272,16.666666666666668
190,211,DE80J,13071.0,MV,,,3.0,"Mecklenburgische Seenplatte, Landkreis",19235,27545,260000,205,211,1.0,1.0,"[[[13.035516973642249, 53.797935779278134]]]",[[25.111350617792862]],0.013157894736842105,0.0,0.0,-1.0,0.7692307692307692
191,211,DE80J,13071.0,MV,,,3.0,"Mecklenburgische Seenplatte, Landkreis",19235,27545,260000,210,211,4.0,5.0,"[[[12.67198897543411, 53.45613683973044]]]",[[24.213752401751695]],0.05263157894736842,0.04938271604938271,0.1111111111111111,-0.03184713375796178,3.4615384615384617
192,211,DE80J,13071.0,MV,,,3.0,"Mecklenburgische Seenplatte, Landkreis",19235,27545,260000,211,211,2.0,4.0,"[[[13.222650082906103, 53.51248296101891]]]",[[6.557963905314298]],0.02631578947368421,0.037037037037037035,0.3333333333333333,0.16923076923076924,2.3076923076923075
193,212,DE80K,13072.0,MV,,,3.0,Landkreis Rostock,20421,25731,215000,204,212,16.0,11.0,"[[[12.136655221291731, 54.04512167414403]]]",[[21.485968600096296]],0.21052631578947367,0.12345679012345678,-0.18518518518518517,-0.2607003891050584,12.55813953488372
194,212,DE80K,13072.0,MV,,,3.0,Landkreis Rostock,20421,25731,215000,207,212,10.0,7.0,"[[[12.30914091430938, 53.845347480436395]]]",[[25.62067086313712]],0.13157894736842105,0.07407407407407407,-0.17647058823529413,-0.2796208530805687,7.906976744186046
195,213,DE80L,13073.0,MV,,,3.0,"Vorpommern-Rügen, Landkreis",19462,25090,225000,212,213,6.0,10.0,"[[[12.719859302054832, 54.284551074660556]], [[13.033055305481005, 54.449352264404354]]]","[[22.68333370888361], [1.7881807241441814]]",0.07894736842105263,0.1111111111111111,0.25,0.16923076923076924,7.111111111111111
196,213,DE80L,13073.0,MV,,,3.0,"Vorpommern-Rügen, Landkreis",19462,25090,225000,217,213,8.0,1.0,"[[[13.3850728701799, 54.43784212258091]], [[13.186547551836473, 54.47640827723922]], [[13.121035229076096, 54.56698296286845]], [[13.120000600814862, 54.310000419616784]]]","[[18.069596430496063], [2.841335512088612], [4.215906829305313], [0.5915503675420223]]",0.10526315789473684,0.0,-0.7777777777777778,-1.0,4.0
197,213,DE80L,13073.0,MV,,,3.0,"Vorpommern-Rügen, Landkreis",19462,25090,225000,219,213,6.0,8.0,"[[[13.072987238566105, 54.30456860860195]]]",[[4.3506632773751965]],,,,,
198,214,DE80M,13074.0,MV,,,3.0,"Nordwestmecklenburg, Landkreis",19643,23919,157000,213,214,16.0,10.0,"[[[11.3877114817569, 53.837406755122664]]]",[[23.610106176814003]],,,,,
199,214,DE80M,13074.0,MV,,,3.0,"Nordwestmecklenburg, Landkreis",19643,23919,157000,221,214,6.0,3.0,"[[[11.454567228044827, 53.90163230896]]]",[[3.6753645099895307]],,,,,
200,215,DE80N,13075.0,MV,,,3.0,"Vorpommern-Greifswald, Landkreis",18491,25229,237000,206,215,6.0,6.0,"[[[13.413501079265927, 54.089672382061345]]]",[[3.9729288471142246]],,,,,
201,215,DE80N,13075.0,MV,,,3.0,"Vorpommern-Greifswald, Landkreis",18491,25229,237000,214,215,0.0,3.0,"[[[13.708197116851906, 53.95066449179588]], [[13.925832509994663, 54.02444458007818]]]","[[22.811182573835275], [0.827202633584558]]",,,,,
202,215,DE80N,13075.0,MV,,,3.0,"Vorpommern-Greifswald, Landkreis",18491,25229,237000,220,215,0.0,1.0,"[[[14.016120696067903, 53.558074331283656]]]",[[22.1029046086498]],,,,,
203,216,DE80O,13076.0,MV,,,3.0,"Ludwigslust-Parchim, Landkreis",20206,24707,213000,208,216,14.0,12.0,"[[[11.298529710769682, 53.41528656005865]]]",[[28.40037665709604]],,,,,
204,216,DE80O,13076.0,MV,,,3.0,"Ludwigslust-Parchim, Landkreis",20206,24707,213000,215,216,8.0,8.0,"[[[11.847450537430655, 53.5129082930716]]]",[[27.228307005744476]],,,,,
205,219,DE911,3101.0,NI,,,3.0,"Braunschweig, Kreisfreie Stadt",22612,78057,248000,222,219,11.0,29.0,"[[[10.532662698200811, 52.29255144936703]]]",[[7.820268062669846]],,,,,
206,220,DE912,3102.0,NI,,,3.0,"Salzgitter, Kreisfreie Stadt",20016,56347,105000,230,220,2.0,10.0,"[[[10.373959981478224, 52.133803294255245]]]",[[9.297412544794877]],,,,,
207,221,DE913,3103.0,NI,,,3.0,"Wolfsburg, Kreisfreie Stadt",24712,182301,124000,232,221,3.0,16.0,"[[[10.803974083491775, 52.39887945992612]]]",[[7.7707842505689015]],,,,,
208,222,DE914,3151.0,NI,,,3.0,"Gifhorn, Landkreis",23879,20973,176000,223,222,9.0,21.0,"[[[10.575767785730534, 52.54040844339725]]]",[[22.210853749524958]],,,,,
209,223,DE916,3153.0,NI,,,3.0,"Goslar, Landkreis",21306,29980,137000,224,223,9.0,13.0,"[[[10.401492578642763, 51.85499252591818]]]",[[18.477136436527]],,,,,
210,224,DE917,3154.0,NI,,,3.0,"Helmstedt, Landkreis",23466,19673,92000,226,224,7.0,16.0,"[[[10.858828593108639, 52.28725885940814]]]",[[15.417478435413722]],,,,,
211,225,DE918,3155.0,NI,,,3.0,"Northeim, Landkreis",22303,28755,133000,227,225,14.0,12.0,"[[[9.873873375080283, 51.771634207831546]]]",[[20.531517536049456]],,,,,
212,226,DE91A,3157.0,NI,,,3.0,"Peine, Landkreis",22202,21883,134000,229,226,6.0,5.0,"[[[10.270368666875967, 52.30835015433179]]]",[[12.688737630695858]],,,,,
213,227,DE91B,3158.0,NI,,,3.0,"Wolfenbüttel, Landkreis",22655,20363,120000,231,227,8.0,19.0,"[[[10.649108320474737, 52.13599586486826]], [[10.241754055023284, 52.10167083740242]]]","[[14.736187818167439], [6.7475971149747735]]",,,,,
214,228,DE91C,3159.0,NI,,,3.0,"Göttingen, Landkreis",21130,35738,328000,225,228,7.0,14.0,"[[[9.923206450447234, 51.47412363688156]]]",[[19.50703868572728]],,,,,
215,228,DE91C,3159.0,NI,,,3.0,"Göttingen, Landkreis",21130,35738,328000,228,228,10.0,4.0,"[[[10.395188350677543, 51.67892883300785]]]",[[15.37866736010577]],,,,,
216,230,DE922,3251.0,NI,,,3.0,"Diepholz, Landkreis",23428,30240,216000,233,230,19.0,24.0,"[[[8.752101845937277, 52.75749540982187]]]",[[26.386952445853638]],,,,,
217,231,DE923,3252.0,NI,,,3.0,"Hameln-Pyrmont, Landkreis",22142,34198,148000,234,231,11.0,10.0,"[[[9.392615777474903, 52.075989617241795]]]",[[16.52432535243611]],,,,,
218,232,DE925,3254.0,NI,,,3.0,"Hildesheim, Landkreis",21685,28772,277000,236,232,10.0,11.0,"[[[9.928158343677833, 52.09637891742549]]]",[[19.68198268861148]],,,,,
219,233,DE926,3255.0,NI,,,3.0,"Holzminden, Landkreis",21438,31447,71000,237,233,14.0,5.0,"[[[9.549304684003237, 51.860460042953534]]]",[[16.61357249542016]],,,,,
220,234,DE927,3256.0,NI,,,3.0,"Nienburg (Weser), Landkreis",21191,30712,121000,238,234,7.0,8.0,"[[[9.124385401260058, 52.63588945255729]]]",[[21.86692025107797]],,,,,
221,235,DE928,3257.0,NI,,,3.0,"Schaumburg, Landkreis",22019,25855,158000,239,235,18.0,5.0,"[[[9.213177780310353, 52.26938001314804]]]",[[15.740213135771933]],,,,,
222,236,DE929,3241.0,NI,,,3.0,"Region Hannover, Landkreis",21859,45583,1155000,235,236,23.0,24.0,"[[[9.67748837243946, 52.20638692946665], [9.445835059029756, 52.531275503976055], [10.07602129755796, 52.45589292371601]]]","[[9.649165038296875, 15.785985059272639, 14.849503945654424]]",,,,,
223,238,DE931,3351.0,NI,,,3.0,"Celle, Landkreis",21170,30028,179000,240,238,15.0,9.0,"[[[10.124861574884717, 52.71050154273194]]]",[[22.671937822114018]],,,,,
224,239,DE932,3352.0,NI,,,3.0,"Cuxhaven, Landkreis",22110,23007,198000,241,239,10.0,25.0,"[[[8.846958620207745, 53.55048663275589]], [[8.500000238418622, 53.92340373992931]]]","[[24.51809970966283], [1.077530143257057]]",,,,,
225,240,DE933,3353.0,NI,,,3.0,"Harburg, Landkreis",25687,24359,252000,242,240,22.0,20.0,"[[[9.747117338509439, 53.3870169540932], [10.210539314481997, 53.32963816324874]]]","[[13.054833789608852, 13.17845380324234]]",,,,,
226,241,DE934,3354.0,NI,,,3.0,"Lüchow-Dannenberg, Landkreis",20823,26222,48000,243,241,0.0,3.0,"[[[11.062041072845497, 53.04579078674322]]]",[[20.729261091331832]],,,,,
227,242,DE935,3355.0,NI,,,3.0,"Lüneburg, Landkreis",21334,28100,183000,244,242,6.0,12.0,"[[[10.532678617371497, 53.21172655953306]]]",[[22.297079753204205]],,,,,
228,243,DE936,3356.0,NI,,,3.0,"Osterholz, Landkreis",23123,20451,113000,245,243,3.0,11.0,"[[[8.774486671794577, 53.26777518879288]]]",[[14.717530563933126]],,,,,
229,244,DE937,3357.0,NI,,,3.0,"Rotenburg (Wümme), Landkreis",22600,32221,163000,246,244,33.0,39.0,"[[[9.307724763851393, 53.25246761813027]]]",[[27.084600779020246]],,,,,
230,245,DE938,3358.0,NI,,,3.0,"Heidekreis, Landkreis",21370,33718,139000,247,245,9.0,10.0,"[[[9.739690343538957, 52.90950369834905]]]",[[25.604065318863977]],,,,,
231,246,DE939,3359.0,NI,,,3.0,"Stade, Landkreis",23076,30133,202000,248,246,19.0,18.0,"[[[9.401915000656938, 53.578116400767236]]]",[[22.53335690761959]],,,,,
232,247,DE93A,3360.0,NI,,,3.0,"Uelzen, Landkreis",21172,27820,93000,249,247,2.0,4.0,"[[[10.564189392223723, 53.01951625890905]]]",[[21.491692455298292]],,,,,
233,248,DE93B,3361.0,NI,,,3.0,"Verden, Landkreis",23780,30886,137000,250,248,12.0,8.0,"[[[9.190706406870229, 52.97209665852213]]]",[[16.8156741000282]],,,,,
234,251,DE942,3402.0,NI,,,3.0,"Emden, Kreisfreie Stadt",19003,72973,50000,254,251,3.0,5.0,"[[[7.200165860793197, 53.35959221335025]]]",[[8.775932776272473]],,,,,
235,252,DE943,3403.0,NI,,,3.0,"Oldenburg (Oldenburg), Kreisfreie Stadt",20091,46404,168000,259,252,12.0,13.0,"[[[8.224515988276607, 53.141946645883465]]]",[[5.886416832479501]],,,,,
236,253,DE944,3404.0,NI,,,3.0,"Osnabrück, Kreisfreie Stadt",21428,49817,165000,1,253,13.0,20.0,"[[[8.054156689416832, 52.28309213547483]]]",[[6.634561789037227]],,,,,
237,254,DE945,3405.0,NI,,,3.0,"Wilhelmshaven, Kreisfreie Stadt",18511,41479,76000,5,254,2.0,8.0,"[[[8.10283308443819, 53.575622061024596]]]",[[5.49312901076775]],,,,,
238,255,DE946,3451.0,NI,,,3.0,"Ammerland, Landkreis",22451,31167,124000,251,255,14.0,14.0,"[[[8.068010736914303, 53.21983023250809]]]",[[14.821380425150547]],,,,,
239,256,DE947,3452.0,NI,,,3.0,"Aurich, Landkreis",20679,26750,190000,252,256,5.0,12.0,"[[[7.415781211853116, 53.461845906575604]], [[7.394583225250415, 53.73027896881109]], [[7.261481682459561, 53.71625073750826]], [[6.988389110565254, 53.6767494201661]], [[6.891250610351619, 53.64319515228277]], [[6.828702755045971, 53.64577573933514]], [[6.710732373324447, 53.59470956975768]]]","[[20.530044017916044], [1.4114526998488024], [4.618137102617106], [6.623933176423077], [1.6127197568631542], [0.8102697422372498], [4.248917458461752]]",,,,,
240,257,DE948,3453.0,NI,,,3.0,"Cloppenburg, Landkreis",20747,34197,169000,253,257,3.0,2.0,"[[[7.939923141313667, 52.899003982543974]]]",[[21.937376185363757]],,,,,
241,258,DE949,3454.0,NI,,,3.0,"Emsland, Landkreis",21529,41401,325000,255,258,3.0,9.0,"[[[7.403749218693515, 52.70843251546228]]]",[[30.51892666761846]],,,,,
242,259,DE94A,3455.0,NI,,,3.0,"Friesland, Landkreis",21071,27499,98000,256,259,2.0,12.0,"[[[7.995463848114114, 53.52380424322094]], [[8.011832809448368, 53.76908340454107]], [[7.891295909881762, 53.785277684529795]]]","[[13.629956186292567], [1.95781961232262], [2.2293476669109467]]",,,,,
243,260,DE94B,3456.0,NI,,,3.0,"Grafschaft Bentheim, Landkreis",20452,31947,136000,257,260,1.0,9.0,"[[[7.032791592354043, 52.48898892069976]]]",[[17.987975204958083]],,,,,
244,261,DE94C,3457.0,NI,,,3.0,"Leer, Landkreis",19703,25770,169000,258,261,1.0,6.0,"[[[7.501509769542839, 53.21192117639494]]]",[[18.25782600605175]],,,,,
245,262,DE94D,3458.0,NI,,,3.0,"Oldenburg, Landkreis",23338,24396,130000,0,262,15.0,13.0,"[[[8.442795818502303, 53.00637496601455]]]",[[18.670309765622488]],,,,,
246,263,DE94E,3459.0,NI,,,3.0,"Osnabrück, Landkreis",23030,30622,357000,2,263,20.0,35.0,"[[[8.064133609633881, 52.3504596388484]]]",[[23.38382895817765]],,,,,
247,264,DE94F,3460.0,NI,,,3.0,"Vechta, Landkreis",22694,45050,141000,3,264,10.0,7.0,"[[[8.211289087931341, 52.667853037516316]]]",[[17.3111081649554]],,,,,
248,265,DE94G,3461.0,NI,,,3.0,"Wesermarsch, Landkreis",21936,32309,89000,4,265,16.0,25.0,"[[[8.389796140717394, 53.34438007633867]], [[8.157916784286698, 53.72437572479255]]]","[[20.46752129891017], [1.055769079403594]]",,,,,
249,266,DE94H,3462.0,NI,,,3.0,"Wittmund, Landkreis",21235,25711,57000,6,266,1.0,6.0,"[[[7.736339471557027, 53.52668614821009]], [[7.72138869762442, 53.77312469482425]], [[7.533611093248794, 53.74446487426765]]]","[[14.951397748753141], [2.986360861986914], [3.6106472930206217]]",,,,,
250,269,DEA11,5111.0,NW,,,3.0,"Düsseldorf, Kreisfreie Stadt",26087,81563,618000,271,269,61.0,70.0,"[[[6.884219253764477, 51.18337025361907], [6.760840313775244, 51.28217152186805]]]","[[5.7174428794875105, 6.636607794927217]]",,,,,
251,270,DEA12,5112.0,NW,,,3.0,"Duisburg, Kreisfreie Stadt",17126,36475,498000,270,270,47.0,34.0,"[[[6.71319412231449, 51.442594757080116]]]",[[8.047228580116213]],,,,,
252,271,DEA13,5113.0,NW,,,3.0,"Essen, Kreisfreie Stadt",20626,43365,583000,272,271,43.0,42.0,"[[[6.93158078193666, 51.42583227157595], [7.11980104446419, 51.40510025024419], [7.037047863006649, 51.50536804199222]]]","[[5.309312670365729, 3.5306300063644875, 3.4385268255502717]]",,,,,
253,272,DEA14,5114.0,NW,,,3.0,"Krefeld, Kreisfreie Stadt",21591,40593,227000,273,272,22.0,22.0,"[[[6.613285621007299, 51.34518305460616]]]",[[6.673043079603746]],,,,,
254,273,DEA15,5116.0,NW,,,3.0,"Mönchengladbach, Kreisfreie Stadt",20841,33785,262000,275,273,28.0,22.0,"[[[6.4417075395584815, 51.169435119628936]]]",[[7.389362361675356]],,,,,
255,274,DEA16,5117.0,NW,,,3.0,"Mülheim an der Ruhr, Kreisfreie Stadt",23153,35115,171000,276,274,26.0,20.0,"[[[6.888878726959286, 51.42767753601079]]]",[[5.602297772281497]],,,,,
256,275,DEA17,5119.0,NW,,,3.0,"Oberhausen, Kreisfreie Stadt",18719,27191,211000,277,275,28.0,15.0,"[[[6.850062370300325, 51.507041931152386]]]",[[5.257130386373856]],,,,,
257,276,DEA18,5120.0,NW,,,3.0,"Remscheid, Kreisfreie Stadt",22325,36391,111000,278,276,4.0,4.0,"[[[7.239947175979637, 51.17944183349614]]]",[[5.367711432023472]],,,,,
258,277,DEA19,5122.0,NW,,,3.0,"Solingen, Kreisfreie Stadt",23285,31642,159000,280,277,3.0,10.0,"[[[7.101280484880765, 51.15115029471264]]]",[[5.412251327592594]],,,,,
259,278,DEA1A,5124.0,NW,,,3.0,"Wuppertal, Kreisfreie Stadt",21480,36429,354000,283,278,12.0,33.0,"[[[7.188732209412968, 51.24693679809573]]]",[[7.686062519674774]],,,,,
260,279,DEA1B,5154.0,NW,,,3.0,"Kleve, Kreis",20716,30752,311000,269,279,26.0,21.0,"[[[6.2967832883199435, 51.661290602250574]]]",[[19.841198153012392]],,,,,
261,280,DEA1C,5158.0,NW,,,3.0,"Mettmann, Kreis",25684,40547,486000,274,280,34.0,69.0,"[[[6.872790030070746, 51.29454912458151], [7.087708169763769, 51.273292888294606], [6.922744433085161, 51.12890116373702]]]","[[6.112312112026073, 7.458126267880946, 5.2064175651403195]]",,,,,
262,281,DEA1D,5162.0,NW,,,3.0,"Rhein-Kreis Neuss, Kreis",25324,39371,450000,279,281,45.0,37.0,"[[[6.682038818086921, 51.274221965244884], [6.808197259902961, 51.09596657752995], [6.504548645019597, 51.11351470947268]]]","[[5.607814972338477, 6.3416160604932825, 7.190609403338594]]",,,,,
263,282,DEA1E,5166.0,NW,,,3.0,"Viersen, Kreis",23204,28457,299000,281,282,33.0,30.0,"[[[6.507472015562531, 51.333205995105594], [6.204314540414299, 51.24311379825372]]]","[[8.41296715906063, 9.75638009747423]]",,,,,
264,283,DEA1F,5170.0,NW,,,3.0,"Wesel, Kreis",22230,28520,460000,282,283,66.0,51.0,"[[[6.452298082624187, 51.62805350167415], [6.781583926257, 51.61398393967575]]]","[[13.202095068755497, 14.256066840164744]]",,,,,
265,285,DEA22,5314.0,NW,,,3.0,"Bonn, Kreisfreie Stadt",23471,80288,326000,286,285,12.0,33.0,"[[[7.110786649915964, 50.693675147162594]]]",[[7.1639155003432995]],,,,,
266,286,DEA23,5315.0,NW,,,3.0,"Köln, Kreisfreie Stadt",22402,59588,1083000,287,286,61.0,79.0,"[[[7.095378569194265, 50.91731180463525], [6.866932823544494, 50.99292246500655]]]","[[7.3586315471721235, 8.479547537239204]]",,,,,
267,287,DEA24,5316.0,NW,,,3.0,"Leverkusen, Kreisfreie Stadt",21756,51469,164000,291,287,6.0,19.0,"[[[7.02179967440096, 51.054104731633174]]]",[[5.440197610035194]],,,,,
268,288,DEA26,5358.0,NW,,,3.0,"Düren, Kreis",21194,29629,263000,288,288,14.0,24.0,"[[[6.437059100245128, 50.8215701143507]]]",[[17.900375841518464]],,,,,
269,289,DEA27,5362.0,NW,,,3.0,Rhein-Erft-Kreis,22675,34641,469000,293,289,6.0,17.0,"[[[6.53334278809401, 50.946815892269775], [6.8659119844437075, 50.8066875457764], [6.787284337557323, 51.01636358407832]]]","[[8.104623555171218, 9.394451315752528, 5.483000858088049]]",,,,,
270,290,DEA28,5366.0,NW,,,3.0,"Euskirchen, Kreis",21862,27863,192000,289,290,6.0,6.0,"[[[6.6593604024251665, 50.53904113769536]]]",[[21.09859550805777]],,,,,
271,291,DEA29,5370.0,NW,,,3.0,"Heinsberg, Kreis",20631,25720,254000,290,291,6.0,9.0,"[[[6.175579359656929, 51.055448331331]]]",[[15.103033900802009]],,,,,
272,292,DEA2A,5374.0,NW,,,3.0,Oberbergischer Kreis,23194,36181,273000,292,292,6.0,13.0,"[[[7.507546496391331, 51.02532571156822]]]",[[18.896112757001763]],,,,,
273,293,DEA2B,5378.0,NW,,,3.0,Rheinisch-Bergischer Kreis,26493,27168,283000,295,293,5.0,21.0,"[[[7.188154852908619, 51.02778525974444]]]",[[11.823696389432937]],,,,,
274,294,DEA2C,5382.0,NW,,,3.0,Rhein-Sieg-Kreis,24038,28026,599000,294,294,29.0,45.0,"[[[7.211846500994249, 50.74163703458859]]]",[[19.833311502196178]],,,,,
275,295,DEA2D,5334.0,NW,,,3.0,"Städteregion Aachen, Kreis",20504,37631,555000,284,295,14.0,33.0,"[[[6.089039754867585, 50.765717124939016]]]",[[8.63860460011519]],,,,,
276,295,DEA2D,5334.0,NW,,,3.0,"Städteregion Aachen, Kreis",20504,37631,555000,285,295,16.0,40.0,"[[[6.267352621434137, 50.728690389859516]]]",[[14.98876803093191]],,,,,
277,297,DEA31,5512.0,NW,,,3.0,"Bottrop, Kreisfreie Stadt",20250,22740,117000,297,297,8.0,11.0,"[[[6.921743763817726, 51.58103010389544]]]",[[5.835499244394395]],,,,,
278,298,DEA32,5513.0,NW,,,3.0,"Gelsenkirchen, Kreisfreie Stadt",16450,30248,260000,299,298,12.0,22.0,"[[[7.0771203292044005, 51.55937214901578]]]",[[5.935961573997079]],,,,,
279,299,DEA33,5515.0,NW,,,3.0,"Münster, Kreisfreie Stadt",22954,55003,314000,300,299,15.0,31.0,"[[[7.62454702172965, 51.94208267756876]]]",[[9.8476972738753]],,,,,
280,300,DEA34,5554.0,NW,,,3.0,"Borken, Kreis",22433,37294,370000,296,300,14.0,28.0,"[[[6.869165403192729, 51.94366545243701]]]",[[22.369188921233235]],,,,,
281,301,DEA35,5558.0,NW,,,3.0,"Coesfeld, Kreis",23879,28523,220000,298,301,34.0,38.0,"[[[7.398331960042351, 51.85236560597143]]]",[[19.404124471005144]],,,,,
282,302,DEA36,5562.0,NW,,,3.0,"Recklinghausen, Kreis",20426,25763,616000,301,302,36.0,44.0,"[[[7.151141714166753, 51.650204411259466]]]",[[15.388570468769197]],,,,,
283,303,DEA37,5566.0,NW,,,3.0,"Steinfurt, Kreis",22402,32470,447000,302,303,25.0,43.0,"[[[7.637940190055179, 52.1977996132591]]]",[[24.748378796491426]],,,,,
284,304,DEA38,5570.0,NW,,,3.0,"Warendorf, Kreis",23839,31221,278000,303,304,15.0,17.0,"[[[7.969541169829323, 51.853445925955086]]]",[[20.721332352532787]],,,,,
285,306,DEA41,5711.0,NW,,,3.0,"Bielefeld, Kreisfreie Stadt",23037,41016,333000,262,306,8.0,22.0,"[[[8.525316901828974, 52.029007455577066]]]",[[9.02206470850636]],,,,,
286,307,DEA42,5754.0,NW,,,3.0,"Gütersloh, Kreis",25241,48500,364000,263,307,17.0,32.0,"[[[8.359354749639019, 51.93546595471975]]]",[[16.949835269606186]],,,,,
287,308,DEA43,5758.0,NW,,,3.0,"Herford, Kreis",22732,33880,251000,264,308,5.0,16.0,"[[[8.699073900495303, 52.15420248849057]]]",[[12.044699638744568]],,,,,
288,309,DEA44,5762.0,NW,,,3.0,"Höxter, Kreis",22021,28440,141000,265,309,8.0,7.0,"[[[9.192305528892703, 51.691113885843585]]]",[[20.10735155115453]],,,,,
289,310,DEA45,5766.0,NW,,,3.0,"Lippe, Kreis",22592,30573,349000,266,310,12.0,21.0,"[[[9.003487514727086, 51.98723151467068]]]",[[19.580709498142323]],,,,,
290,311,DEA46,5770.0,NW,,,3.0,"Minden-Lübbecke, Kreis",23052,41627,311000,267,311,19.0,14.0,"[[[8.780339734307693, 52.35718654764115]]]",[[20.3089019056831]],,,,,
291,312,DEA47,5774.0,NW,,,3.0,"Paderborn, Kreis",21601,35962,306000,268,312,17.0,24.0,"[[[8.71585029822131, 51.64825028639578]]]",[[20.075278686208947]],,,,,
292,314,DEA51,5911.0,NW,,,3.0,"Bochum, Kreisfreie Stadt",20048,33171,365000,7,314,32.0,42.0,"[[[7.242420673370418, 51.47388992309574]]]",[[7.292923786251783]],,,,,
293,315,DEA52,5913.0,NW,,,3.0,"Dortmund, Kreisfreie Stadt",19318,38469,587000,8,315,47.0,40.0,"[[[7.486400113386312, 51.516017128439564]]]",[[9.512113162783203]],,,,,
294,316,DEA53,5914.0,NW,,,3.0,"Hagen, Kreisfreie Stadt",20024,34831,188000,10,316,11.0,8.0,"[[[7.482903150411777, 51.34488164461581]]]",[[7.055743215185425]],,,,,
295,317,DEA54,5915.0,NW,,,3.0,"Hamm, Kreisfreie Stadt",18453,29631,179000,11,317,14.0,13.0,"[[[7.822109335944812, 51.673076266334206]]]",[[8.66902763490411]],,,,,
296,318,DEA55,5916.0,NW,,,3.0,"Herne, Kreisfreie Stadt",17889,23188,156000,12,318,11.0,20.0,"[[[7.198518216609983, 51.5383477210999]]]",[[4.8584502109501075]],,,,,
297,319,DEA56,5954.0,NW,,,3.0,Ennepe-Ruhr-Kreis,24441,30469,324000,9,319,19.0,26.0,"[[[7.342670947947448, 51.33125288943031]]]",[[11.228565648535913]],,,,,
298,320,DEA57,5958.0,NW,,,3.0,Hochsauerlandkreis,24345,36719,261000,13,320,12.0,18.0,"[[[8.44324366033898, 51.32268727968822]]]",[[28.05883886184872]],,,,,
299,321,DEA58,5962.0,NW,,,3.0,Märkischer Kreis,24762,37313,413000,14,321,33.0,17.0,"[[[7.706457106272422, 51.24848437839087]]]",[[18.274189116634275]],,,,,
300,322,DEA59,5966.0,NW,,,3.0,"Olpe, Kreis",28007,41197,135000,15,322,12.0,2.0,"[[[8.011074591656167, 51.094078842474545]]]",[[15.128698050813654]],,,,,
301,323,DEA5A,5970.0,NW,,,3.0,"Siegen-Wittgenstein, Kreis",23302,40775,278000,16,323,22.0,11.0,"[[[8.197265441601148, 50.95175523024344]]]",[[19.74516962272191]],,,,,
302,324,DEA5B,5974.0,NW,,,3.0,"Soest, Kreis",22746,35976,302000,260,324,12.0,17.0,"[[[8.19272674833028, 51.59426918808299]]]",[[20.48381870302805]],,,,,
303,325,DEA5C,5978.0,NW,,,3.0,"Unna, Kreis",21494,30568,394000,261,325,43.0,27.0,"[[[7.553272973923491, 51.683719998314295], [7.644943680082114, 51.49111516135084]]]","[[8.355892833236007, 9.537618085949665]]",,,,,
304,328,DEB11,7111.0,RP,,,3.0,"Koblenz, Kreisfreie Stadt",21953,68464,114000,309,328,11.0,15.0,"[[[7.595617328371349, 50.337072644914926]]]",[[6.042451393416913]],,,,,
305,329,DEB12,7131.0,RP,,,3.0,"Ahrweiler, Landkreis",23954,26654,129000,304,329,4.0,8.0,"[[[7.031627344048568, 50.44860997407337]]]",[[16.700136558557244]],,,,,
306,330,DEB13,7132.0,RP,,,3.0,"Altenkirchen (Westerwald), Landkreis",22104,27343,129000,305,330,6.0,9.0,"[[[7.7218660607057785, 50.736344281364936]]]",[[14.189924908160943]],,,,,
307,331,DEB14,7133.0,RP,,,3.0,"Bad Kreuznach, Landkreis",22561,29988,158000,306,331,2.0,8.0,"[[[7.670673264397557, 49.80334888034401]]]",[[16.74255699306764]],,,,,
308,332,DEB15,7134.0,RP,,,3.0,"Birkenfeld, Landkreis",22010,29477,81000,307,332,5.0,5.0,"[[[7.324347698942159, 49.73127917025957]]]",[[16.179198000808224]],,,,,
309,333,DEB17,7137.0,RP,,,3.0,"Mayen-Koblenz, Landkreis",22718,31345,214000,310,333,18.0,26.0,"[[[7.395381237910372, 50.32850277240464]]]",[[17.100220951674835]],,,,,
310,334,DEB18,7138.0,RP,,,3.0,"Neuwied, Landkreis",23438,32960,182000,311,334,2.0,9.0,"[[[7.511698539440495, 50.5844859587841]]]",[[12.157562016161377]],,,,,
311,335,DEB1A,7141.0,RP,,,3.0,Rhein-Lahn-Kreis,22578,26631,122000,313,335,6.0,8.0,"[[[7.867013743666397, 50.270251414814986]]]",[[16.071834269714305]],,,,,
312,336,DEB1B,7143.0,RP,,,3.0,Westerwaldkreis,26109,33918,201000,314,336,16.0,24.0,"[[[7.852981709722305, 50.52988462305785]]]",[[18.245253158595826]],,,,,
313,337,DEB1C,7135.0,RP,,,3.0,"Cochem-Zell, Landkreis",22784,30299,62000,308,337,0.0,3.0,"[[[7.205047077602839, 50.14922366672096]]]",[[14.905601961490559]],,,,,
314,338,DEB1D,7140.0,RP,,,3.0,Rhein-Hunsrück-Kreis,24205,35764,103000,312,338,4.0,4.0,"[[[7.501211796166796, 50.063908558971505]]]",[[18.51237695799487]],,,,,
315,340,DEB21,7211.0,RP,,,3.0,"Trier, Kreisfreie Stadt",21216,44579,110000,337,340,6.0,12.0,"[[[6.660905761718802, 49.76818984985357]]]",[[6.31753582898559]],,,,,
316,341,DEB22,7231.0,RP,,,3.0,"Bernkastel-Wittlich, Landkreis",22627,31352,112000,334,341,3.0,8.0,"[[[6.907078388125439, 49.93236736918608]]]",[[18.354471151173552]],,,,,
317,342,DEB23,7232.0,RP,,,3.0,Eifelkreis Bitburg-Prüm,22680,28320,98000,335,342,3.0,8.0,"[[[6.424565683092417, 50.07893709455222]]]",[[22.315027419950763]],,,,,
318,343,DEB24,7233.0,RP,,,3.0,"Vulkaneifel, Landkreis",22332,33245,61000,338,343,2.0,3.0,"[[[6.705180127855789, 50.2555677924358]]]",[[18.03807110762882]],,,,,
319,344,DEB25,7235.0,RP,,,3.0,"Trier-Saarburg, Landkreis",23861,20050,149000,336,344,11.0,24.0,"[[[6.695315984579272, 49.71946205726042]]]",[[20.08813808337963]],,,,,
320,346,DEB31,7311.0,RP,,,3.0,"Frankenthal (Pfalz), Kreisfreie Stadt",21859,33805,48000,318,346,8.0,5.0,"[[[8.365879694620778, 49.541843732198124]]]",[[4.013018329010129]],,,,,
321,347,DEB32,7312.0,RP,,,3.0,"Kaiserslautern, Kreisfreie Stadt",19288,48336,100000,320,347,18.0,12.0,"[[[7.767188200583858, 49.42944893470182]]]",[[7.110189363823368]],,,,,
322,348,DEB33,7313.0,RP,,,3.0,"Landau in der Pfalz, Kreisfreie Stadt",21619,42662,46000,323,348,7.0,3.0,"[[[8.111501353127677, 49.19933128356947]], [[7.925085639953744, 49.294271850586014]]]","[[4.516288880636318], [3.010635484615787]]",,,,,
323,349,DEB34,7314.0,RP,,,3.0,"Ludwigshafen am Rhein, Kreisfreie Stadt",19842,81349,170000,324,349,7.0,3.0,"[[[8.445694208145198, 49.448426246643095], [8.41534328460701, 49.54348882039388], [8.336274623870906, 49.476819992065444]]]","[[2.457929620060352, 0.9802600587785345, 2.517906955114084]]",,,,,
324,350,DEB35,7315.0,RP,,,3.0,"Mainz, Kreisfreie Stadt",22597,57120,216000,326,350,24.0,23.0,"[[[8.239120801289914, 49.96815923055019]]]",[[5.895107602218029]],,,,,
325,351,DEB36,7316.0,RP,,,3.0,"Neustadt an der Weinstraße, Kreisfreie Stadt",25966,31432,53000,327,351,7.0,2.0,"[[[8.134169578552289, 49.3512868881226]]]",[[6.640229608688603]],,,,,
326,353,DEB38,7318.0,RP,,,3.0,"Speyer, Kreisfreie Stadt",25219,52749,51000,329,353,5.0,5.0,"[[[8.44624785014564, 49.336628777640264]]]",[[3.784384628519998]],,,,,
327,354,DEB39,7319.0,RP,,,3.0,"Worms, Kreisfreie Stadt",21280,38324,83000,332,354,10.0,5.0,"[[[8.336430931091346, 49.65791447957361]]]",[[7.012383291018322]],,,,,
328,355,DEB3A,7320.0,RP,,,3.0,"Zweibrücken, Kreisfreie Stadt",20654,49723,34000,333,355,2.0,4.0,"[[[7.373044942554692, 49.25747459813173]]]",[[5.384863767109405]],,,,,
329,356,DEB3B,7331.0,RP,,,3.0,"Alzey-Worms, Landkreis",23385,25544,129000,315,356,13.0,4.0,"[[[8.166897408505738, 49.74802163306708]]]",[[14.243446315931587]],,,,,
330,357,DEB3C,7332.0,RP,,,3.0,"Bad Dürkheim, Landkreis",26863,22551,133000,316,357,24.0,6.0,"[[[8.121446639299426, 49.443397442499844]]]",[[14.068605600116548]],,,,,
331,358,DEB3D,7333.0,RP,,,3.0,Donnersbergkreis,22077,29103,75000,317,358,2.0,2.0,"[[[7.892759823217645, 49.635013952487895]]]",[[13.621299824863103]],,,,,
332,359,DEB3E,7334.0,RP,,,3.0,"Germersheim, Landkreis",23173,37489,129000,319,359,28.0,10.0,"[[[8.22526850844879, 49.128390803481636]]]",[[12.242674501466936]],,,,,
333,360,DEB3F,7335.0,RP,,,3.0,"Kaiserslautern, Landkreis",21713,20527,106000,321,360,24.0,20.0,"[[[7.725381416610557, 49.443331464936506]]]",[[13.592679489818892]],,,,,
334,361,DEB3G,7336.0,RP,,,3.0,"Kusel, Landkreis",21080,17702,71000,322,361,10.0,9.0,"[[[7.494648377100656, 49.54829081782592]]]",[[15.354664086460218]],,,,,
335,362,DEB3H,7337.0,RP,,,3.0,"Südliche Weinstraße, Landkreis",24538,27569,110000,330,362,19.0,7.0,"[[[8.018997054833683, 49.18580605433542]]]",[[13.959479811829706]],,,,,
336,363,DEB3I,7338.0,RP,,,3.0,Rhein-Pfalz-Kreis,26784,20074,154000,328,363,27.0,16.0,"[[[8.318558318274386, 49.51416683197026], [8.423206732823328, 49.35230431189908]]]","[[7.545803381343057, 6.554989948838856]]",,,,,
337,364,DEB3J,7339.0,RP,,,3.0,"Mainz-Bingen, Landkreis",26326,35480,210000,325,364,43.0,37.0,"[[[8.101080978617988, 49.90723845537977]]]",[[15.8608237780129]],,,,,
338,365,DEB3K,7340.0,RP,,,3.0,"Südwestpfalz, Landkreis",23469,16320,95000,331,365,7.0,8.0,"[[[7.668705261114911, 49.22437026283962]]]",[[18.63484025348516]],,,,,
339,367,DEC01,10041.0,SL,,,3.0,"Saarbrücken, Regionalverband",19205,44904,330000,341,367,17.0,46.0,"[[[6.982570807139173, 49.25668640136728]]]",[[12.378378282489182]],,,,,
340,368,DEC02,10042.0,SL,,,3.0,"Merzig-Wadern, Landkreis",18790,26973,104000,339,368,5.0,6.0,"[[[6.6686941782633955, 49.51495658026805]]]",[[15.277628899233955]],,,,,
341,369,DEC03,10043.0,SL,,,3.0,"Neunkirchen, Landkreis",19925,25526,133000,340,369,5.0,10.0,"[[[7.14187711935782, 49.36546487074638]]]",[[8.434870683273092]],,,,,
342,370,DEC04,10044.0,SL,,,3.0,"Saarlouis, Landkreis",20819,32688,196000,342,370,9.0,13.0,"[[[6.7803650329797245, 49.35450669817671]]]",[[13.682205126425698]],,,,,
343,371,DEC05,10045.0,SL,,,3.0,Saarpfalz-Kreis,22452,39674,143000,343,371,6.0,13.0,"[[[7.261268594048283, 49.26545550606472]]]",[[11.912618347784859]],,,,,
344,372,DEC06,10046.0,SL,,,3.0,"St. Wendel, Landkreis",21849,30233,88000,344,372,4.0,5.0,"[[[7.081416141986892, 49.5421744346619]]]",[[12.79210380272049]],,,,,
345,375,DED21,14612.0,SN,,,3.0,"Dresden, Kreisfreie Stadt",20112,40524,553000,382,375,43.0,52.0,"[[[13.676403085390767, 51.140456199646025], [13.925209760665904, 51.06344814300542]]]","[[9.249468284431755, 9.564722876546076]]",,,,,
346,376,DED2C,14625.0,SN,,,3.0,"Bautzen, Landkreis",20632,26384,302000,381,376,4.0,5.0,"[[[14.425154119298117, 51.18250506857172]]]",[[17.50627002111365]],,,,,
347,376,DED2C,14625.0,SN,,,3.0,"Bautzen, Landkreis",20632,26384,302000,384,376,15.0,13.0,"[[[14.182399291026476, 51.34082253371618]]]",[[21.049198377002735]],,,,,
348,377,DED2D,14626.0,SN,,,3.0,"Görlitz, Landkreis",19486,26380,256000,383,377,3.0,5.0,"[[[14.960727437337258, 51.13120702107752]]]",[[4.658675576623354]],,,,,
349,377,DED2D,14626.0,SN,,,3.0,"Görlitz, Landkreis",19486,26380,256000,385,377,10.0,3.0,"[[[14.716365535084844, 51.02320936249529]]]",[[15.31836320697978]],,,,,
350,377,DED2D,14626.0,SN,,,3.0,"Görlitz, Landkreis",19486,26380,256000,387,377,2.0,2.0,"[[[14.716370329260865, 51.33764398097997]]]",[[20.752554581145198]],,,,,
351,378,DED2E,14627.0,SN,,,3.0,"Meißen, Landkreis",21310,27919,243000,386,378,6.0,7.0,"[[[13.431747256098607, 51.14013558465086]]]",[[13.956576719966161]],,,,,
352,378,DED2E,14627.0,SN,,,3.0,"Meißen, Landkreis",21310,27919,243000,388,378,6.0,8.0,"[[[13.525352978315542, 51.31600051629743]]]",[[17.710928102072263]],,,,,
353,379,DED2F,14628.0,SN,,,3.0,"Sächsische Schweiz-Osterzgebirge, Landkreis",20914,23650,246000,389,379,7.0,17.0,"[[[14.085140456324078, 50.96431284365451]]]",[[16.34900120683186]],,,,,
354,379,DED2F,14628.0,SN,,,3.0,"Sächsische Schweiz-Osterzgebirge, Landkreis",20914,23650,246000,390,379,21.0,21.0,"[[[13.64000748479093, 50.89907375601839]]]",[[15.517948430443912]],,,,,
355,381,DED41,14511.0,SN,,,3.0,"Chemnitz, Kreisfreie Stadt",20366,35961,247000,371,381,31.0,24.0,"[[[12.949893750642508, 50.83802855642224]]]",[[7.056287526171913]],,,,,
356,382,DED42,14521.0,SN,,,3.0,Erzgebirgskreis,20492,23770,339000,369,382,4.0,0.0,"[[[12.996899759447292, 50.58140429934943]]]",[[12.423302215026572]],,,,,
357,382,DED42,14521.0,SN,,,3.0,Erzgebirgskreis,20492,23770,339000,370,382,6.0,2.0,"[[[12.743738321157641, 50.532921130840634]]]",[[12.709188393595767]],,,,,
358,382,DED42,14521.0,SN,,,3.0,Erzgebirgskreis,20492,23770,339000,374,382,2.0,0.0,"[[[13.232256909634245, 50.664783558947015]]]",[[14.575116666187578]],,,,,
359,382,DED42,14521.0,SN,,,3.0,Erzgebirgskreis,20492,23770,339000,377,382,10.0,4.0,"[[[12.826744388889669, 50.71678677120728]]]",[[10.228771657593557]],,,,,
360,383,DED43,14522.0,SN,,,3.0,"Mittelsachsen, Landkreis",20571,27181,307000,373,383,15.0,4.0,"[[[13.346054238788183, 50.832879664534275]]]",[[18.267466046176903]],,,,,
361,383,DED43,14522.0,SN,,,3.0,"Mittelsachsen, Landkreis",20571,27181,307000,375,383,22.0,12.0,"[[[12.948749043724797, 50.997420831160156]]]",[[16.427689027532317]],,,,,
362,383,DED43,14522.0,SN,,,3.0,"Mittelsachsen, Landkreis",20571,27181,307000,392,383,4.0,3.0,"[[[13.102583653999135, 51.148965546579106]]]",[[11.659456515684647]],,,,,
363,384,DED44,14523.0,SN,,,3.0,Vogtlandkreis,20424,25660,229000,376,384,4.0,4.0,"[[[12.151823234558144, 50.50381495157881]]]",[[4.5067475652061395]],,,,,
364,384,DED44,14523.0,SN,,,3.0,Vogtlandkreis,20424,25660,229000,378,384,10.0,9.0,"[[[12.203491011331288, 50.474153030750415]]]",[[21.62729853148759]],,,,,
365,385,DED45,14524.0,SN,,,3.0,"Zwickau, Landkreis",21056,30930,319000,372,385,15.0,5.0,"[[[12.685833871364625, 50.82722902297978]]]",[[11.226303958596917]],,,,,
366,385,DED45,14524.0,SN,,,3.0,"Zwickau, Landkreis",21056,30930,319000,379,385,4.0,6.0,"[[[12.484972119331385, 50.737046241760325]]]",[[4.835691998852939]],,,,,
367,385,DED45,14524.0,SN,,,3.0,"Zwickau, Landkreis",21056,30930,319000,380,385,17.0,12.0,"[[[12.454887977013275, 50.71130026303808]]]",[[14.887812940158293]],,,,,
368,387,DED51,14713.0,SN,,,3.0,"Leipzig, Kreisfreie Stadt",18825,36761,585000,393,387,39.0,43.0,"[[[12.387980824425158, 51.333357311430476]]]",[[7.153400469212941]],,,,,
369,388,DED52,14729.0,SN,,,3.0,"Leipzig, Landkreis",21768,26107,258000,394,388,48.0,48.0,"[[[12.25859073230202, 51.30993829454698], [12.600241634580863, 51.11466831631136]]]","[[13.285836455391301, 13.298044315926573]]",,,,,
370,388,DED52,14729.0,SN,,,3.0,"Leipzig, Landkreis",21768,26107,258000,395,388,5.0,6.0,"[[[12.760219729676583, 51.277746239487044]]]",[[17.147953657613943]],,,,,
371,389,DED53,14730.0,SN,,,3.0,"Nordsachsen, Landkreis",20340,27465,198000,391,389,3.0,10.0,"[[[12.530679167362717, 51.51650472272911]]]",[[16.902569272048446]],,,,,
372,389,DED53,14730.0,SN,,,3.0,"Nordsachsen, Landkreis",20340,27465,198000,396,389,1.0,2.0,"[[[12.998709019492694, 51.47074306712434]]]",[[19.796426887403648]],,,,,
373,391,DEE01,15001.0,ST,,,3.0,"Dessau-Roßlau, Kreisfreie Stadt",20043,29610,82000,348,391,7.0,5.0,"[[[12.256958961486847, 51.818331467477954]]]",[[7.00992558635639]],,,,,
374,392,DEE02,15002.0,ST,,,3.0,"Halle (Saale), Kreisfreie Stadt",17828,30955,239000,353,392,34.0,23.0,"[[[11.980989575386078, 51.47955497105919]]]",[[6.619320792801264]],,,,,
375,393,DEE03,15003.0,ST,,,3.0,"Magdeburg, Landeshauptstadt, Kreisfreie Stadt",18904,34525,239000,363,393,9.0,18.0,"[[[11.67408694391669, 52.12484177299171]]]",[[8.264795668081614]],,,,,
376,394,DEE04,15081.0,ST,,,3.0,Altmarkkreis Salzwedel,20083,23817,84000,359,394,8.0,4.0,"[[[11.287573102920808, 52.70807466052831]]]",[[26.31742472459491]],,,,,
377,395,DEE05,15082.0,ST,,,3.0,"Anhalt-Bitterfeld, Landkreis",19584,28685,161000,345,395,9.0,10.0,"[[[12.25543394795175, 51.96206304762103]]]",[[20.644787623163033]],,,,,
378,395,DEE05,15082.0,ST,,,3.0,"Anhalt-Bitterfeld, Landkreis",19584,28685,161000,347,395,2.0,9.0,"[[[12.320521571419484, 51.65776686234913]]]",[[13.191761375309072]],,,,,
379,395,DEE05,15082.0,ST,,,3.0,"Anhalt-Bitterfeld, Landkreis",19584,28685,161000,349,395,4.0,4.0,"[[[12.021849836621996, 51.777431215558785]]]",[[12.185296768567184]],,,,,
380,396,DEE06,15086.0,ST,,,3.0,"Jerichower Land, Landkreis",20518,25502,90000,362,396,3.0,3.0,"[[[12.046651574431896, 52.3090288130964]]]",[[22.585777657557653]],,,,,
381,397,DEE07,15083.0,ST,,,3.0,"Börde, Landkreis",20694,28194,172000,360,397,3.0,11.0,"[[[11.299852332290385, 52.0450229255521]]]",[[16.639984543821978]],,,,,
382,397,DEE07,15083.0,ST,,,3.0,"Börde, Landkreis",20694,28194,172000,364,397,18.0,25.0,"[[[11.451244956568697, 52.312229022645155]]]",[[23.58289413878554]],,,,,
383,398,DEE08,15084.0,ST,,,3.0,Burgenlandkreis,19649,25162,181000,352,398,10.0,12.0,"[[[11.859681642055541, 51.129538154602095]]]",[[20.689381295649238]],,,,,
384,398,DEE08,15084.0,ST,,,3.0,Burgenlandkreis,19649,25162,181000,358,398,5.0,1.0,"[[[12.02724578645499, 51.179140090942425]]]",[[10.645300027337667]],,,,,
385,399,DEE09,15085.0,ST,,,3.0,"Harz, Landkreis",19907,24019,215000,361,399,6.0,9.0,"[[[10.92857895341035, 51.94018554687504]]]",[[15.303706805612599]],,,,,
386,399,DEE09,15085.0,ST,,,3.0,"Harz, Landkreis",19907,24019,215000,365,399,1.0,4.0,"[[[11.145015816939546, 51.73006439208989]]]",[[14.565692084286903]],,,,,
387,399,DEE09,15085.0,ST,,,3.0,"Harz, Landkreis",19907,24019,215000,368,399,6.0,9.0,"[[[10.83303175369903, 51.8113312721253]]]",[[15.968585228906285]],,,,,
388,400,DEE0A,15087.0,ST,,,3.0,"Mansfeld-Südharz, Landkreis",19092,20711,137000,354,400,2.0,2.0,"[[[11.488896446228054, 51.570996932983455]]]",[[15.36620197800157]],,,,,
389,400,DEE0A,15087.0,ST,,,3.0,"Mansfeld-Südharz, Landkreis",19092,20711,137000,357,400,2.0,3.0,"[[[11.177932642274019, 51.51240028769288]]]",[[16.25034712508916]],,,,,
390,401,DEE0B,15088.0,ST,,,3.0,Saalekreis,20601,35168,185000,355,401,44.0,31.0,"[[[11.84069007297736, 51.35637520844086]]]",[[17.719701520571327]],,,,,
391,401,DEE0B,15088.0,ST,,,3.0,Saalekreis,20601,35168,185000,356,401,37.0,23.0,"[[[11.961919094966039, 51.50577239990238]]]",[[12.731379969186502]],,,,,
392,402,DEE0C,15089.0,ST,,,3.0,Salzlandkreis,19095,24888,192000,346,402,2.0,6.0,"[[[11.734249475840016, 51.761188919479835]]]",[[11.66274636060797]],,,,,
393,402,DEE0C,15089.0,ST,,,3.0,Salzlandkreis,19095,24888,192000,351,402,0.0,7.0,"[[[11.442749621821417, 51.81444250368609]]]",[[14.871502299430608]],,,,,
394,402,DEE0C,15089.0,ST,,,3.0,Salzlandkreis,19095,24888,192000,366,402,3.0,5.0,"[[[11.77890234408177, 51.94600976031764]]]",[[12.279751983666154]],,,,,
395,403,DEE0D,15090.0,ST,,,3.0,"Stendal, Landkreis",18947,25787,113000,367,403,5.0,7.0,"[[[11.826724797487294, 52.693178613980656]]]",[[29.004097680289984]],,,,,
396,404,DEE0E,15091.0,ST,,,3.0,"Wittenberg, Landkreis",20118,25180,126000,350,404,4.0,9.0,"[[[12.740533303523446, 51.776537466740294]]]",[[22.18917883079545]],,,,,
397,405,DEF,1.0,SH,1.0,2.0,,Schleswig-Holstein,22833,32721,2893000,408,405,16.0,20.0,"[[[9.474662635440037, 54.58939401535769]], [[9.988046487172591, 54.659790674845524]]]","[[25.77449024525365], [2.6568488035211044]]",,,,,
398,407,DEF02,1002.0,SH,,,3.0,"Kiel, Landeshauptstadt, Kreisfreie Stadt",19392,47639,248000,399,407,32.0,26.0,"[[[10.144947751363153, 54.34409815470383]]]",[[5.962881609872396]],,,,,
399,408,DEF03,1003.0,SH,,,3.0,"Lübeck, Hansestadt, Kreisfreie Stadt",20120,43769,217000,401,408,21.0,20.0,"[[[10.741667270660425, 53.87053938472975]]]",[[10.195776310291338]],,,,,
400,409,DEF04,1004.0,SH,,,3.0,"Neumünster, Kreisfreie Stadt",19775,43260,79000,402,409,11.0,4.0,"[[[10.00559985637668, 54.07958221435551]]]",[[4.460066291722894]],,,,,
401,410,DEF05,1051.0,SH,,,3.0,"Dithmarschen, Kreis",22498,34320,133000,397,410,4.0,2.0,"[[[9.124763659068623, 54.190562861306404]], [[8.687944412231662, 54.059751129150484]]]","[[20.06288418753113], [0.9174624031172979]]",,,,,
402,411,DEF06,1053.0,SH,,,3.0,"Herzogtum Lauenburg, Kreis",23652,23445,197000,400,411,21.0,15.0,"[[[10.590979827774929, 53.6411137580872]]]",[[19.08621531540198]],,,,,
403,412,DEF07,1054.0,SH,,,3.0,"Nordfriesland, Kreis",25129,34094,165000,403,412,8.0,4.0,"[[[8.838109759975618, 54.60090512723936]], [[8.422771460991635, 55.05053792186001]], [[8.811111211776804, 54.55375099182149]], [[8.72638869285582, 54.637291908264245]], [[8.707611083984466, 54.68280487060552]], [[8.6592358350754, 54.52937507629397]], [[8.610721588134833, 54.641360473632986]], [[8.515485763549883, 54.723125457763786]], [[8.54624962806706, 54.57298564910889]], [[8.481467928205275, 54.44644873482848]], [[8.483849525451692, 54.52529743739543]], [[8.480693817138814, 54.571527481079244]], [[8.361574067009972, 54.65550910102007]]]","[[30.601352768155035], [1.404757581602233], [0.9128269183614665], [0.998905932063379], [1.2711797992420593], [4.1386066328387185], [4.20319735584549], [5.429481227659216], [1.5904776924575985], [2.760828905719712], [1.9626843559385698], [1.7738182028700218], [4.49563960492131]]",,,,,
404,413,DEF08,1055.0,SH,,,3.0,"Ostholstein, Kreis",23179,26919,201000,404,413,20.0,7.0,"[[[11.126839935779628, 54.44385147094734]], [[10.695509988483105, 54.153460881819896]]]","[[6.980968142259786], [19.19460311380173]]",,,,,
405,414,DEF09,1056.0,SH,,,3.0,"Pinneberg, Kreis",24708,29803,314000,405,414,28.0,25.0,"[[[9.776392243125331, 53.740415168531094]]]",[[14.042786763551785]],,,,,
406,415,DEF0A,1057.0,SH,,,3.0,"Plön, Kreis",23369,20052,129000,406,415,36.0,30.0,"[[[10.363271964223813, 54.21987881576811]]]",[[17.802505296769894]],,,,,
407,416,DEF0B,1058.0,SH,,,3.0,"Rendsburg-Eckernförde, Kreis",23410,29036,273000,407,416,55.0,37.0,"[[[10.007613393995573, 54.35718154907237], [9.522416483971458, 54.21216004894635]]]","[[19.318406785146397, 18.16928053912918]]",,,,,
408,417,DEF0C,1059.0,SH,,,3.0,"Schleswig-Flensburg, Kreis",22510,26193,200000,398,417,7.0,5.0,"[[[9.436732155936157, 54.796540396554164]]]",[[3.677718808837149]],,,,,
409,418,DEF0D,1060.0,SH,,,3.0,"Segeberg, Kreis",23323,31249,275000,409,418,28.0,23.0,"[[[10.13001779007589, 53.894367427042134]]]",[[20.848885050403627]],,,,,
410,419,DEF0E,1061.0,SH,,,3.0,"Steinburg, Kreis",21991,30974,131000,410,419,6.0,3.0,"[[[9.572672843933125, 53.94963373456689]]]",[[18.202093404065142]],,,,,
411,420,DEF0F,1062.0,SH,,,3.0,"Stormarn, Kreis",25737,33758,243000,411,420,23.0,32.0,"[[[10.31728415740167, 53.713942678351195]]]",[[16.560962871256923]],,,,,
412,422,DEG01,16051.0,TH,,,3.0,"Erfurt, Kreisfreie Stadt",19333,39715,213000,414,422,31.0,20.0,"[[[11.016887524548752, 50.98275487563195]]]",[[9.581655619400061]],,,,,
413,423,DEG02,16052.0,TH,,,3.0,"Gera, Kreisfreie Stadt",19558,28613,95000,415,423,7.0,10.0,"[[[12.089629478454613, 50.89271957397466]]]",[[7.201671737347725]],,,,,
414,424,DEG03,16053.0,TH,,,3.0,"Jena, Kreisfreie Stadt",18919,44877,111000,420,424,6.0,17.0,"[[[11.577700793743169, 50.92638707160955]]]",[[6.226010218888092]],,,,,
415,425,DEG04,16054.0,TH,,,3.0,"Suhl, Kreisfreie Stadt",22371,34808,35000,429,425,1.0,3.0,"[[[10.713680315017763, 50.61281318664557]]]",[[6.269969455941046]],,,,,
416,426,DEG05,16055.0,TH,,,3.0,"Weimar, Kreisfreie Stadt",19090,30601,65000,432,426,4.0,10.0,"[[[11.315764627958643, 50.9815103631271]]]",[[5.638553573300884]],,,,,
417,427,DEG06,16061.0,TH,,,3.0,"Eichsfeld, Landkreis",20065,26132,101000,413,427,2.0,4.0,"[[[10.263273273814843, 51.388183108243126]]]",[[18.02305087486971]],,,,,
418,428,DEG07,16062.0,TH,,,3.0,"Nordhausen, Landkreis",18907,26641,84000,422,428,7.0,4.0,"[[[10.734633507935953, 51.52023016888167]]]",[[15.333522908987243]],,,,,
419,429,DEG09,16064.0,TH,,,3.0,Unstrut-Hainich-Kreis,18942,24945,103000,430,429,1.0,2.0,"[[[10.553597259521517, 51.177309972589704]]]",[[18.01946686946193]],,,,,
420,430,DEG0A,16065.0,TH,,,3.0,Kyffhäuserkreis,18508,22297,75000,421,430,5.0,4.0,"[[[11.037272568905031, 51.30832972671051]]]",[[19.96716979349786]],,,,,
421,431,DEG0B,16066.0,TH,,,3.0,"Schmalkalden-Meiningen, Landkreis",20946,28162,123000,426,431,6.0,2.0,"[[[10.383598619037251, 50.61341238021854]]]",[[19.980261576608964]],,,,,
422,432,DEG0C,16067.0,TH,,,3.0,"Gotha, Landkreis",19593,28203,135000,416,432,12.0,6.0,"[[[10.728621838139599, 50.91349089379408]]]",[[16.77557020156696]],,,,,
423,433,DEG0D,16068.0,TH,,,3.0,"Sömmerda, Landkreis",19482,25486,70000,427,433,3.0,1.0,"[[[11.186397991483219, 51.17168087429475]]]",[[16.826769346032467]],,,,,
424,434,DEG0E,16069.0,TH,,,3.0,"Hildburghausen, Landkreis",20495,23196,64000,418,434,2.0,1.0,"[[[10.726088098577602, 50.41574906014112]]]",[[17.303784574324084]],,,,,
425,435,DEG0F,16070.0,TH,,,3.0,Ilm-Kreis,19306,29102,109000,419,435,7.0,1.0,"[[[10.983033657074019, 50.74062565394814]]]",[[16.02106267614632]],,,,,
426,436,DEG0G,16071.0,TH,,,3.0,"Weimarer Land, Landkreis",19800,24517,82000,433,436,14.0,28.0,"[[[11.390533987681131, 50.95935490926112]]]",[[17.862321508121486]],,,,,
427,437,DEG0H,16072.0,TH,,,3.0,"Sonneberg, Landkreis",21140,29046,56000,428,437,2.0,2.0,"[[[11.134458400585054, 50.41920132107209]]]",[[12.419980230904663]],,,,,
428,438,DEG0I,16073.0,TH,,,3.0,"Saalfeld-Rudolstadt, Landkreis",19922,26397,107000,425,438,2.0,7.0,"[[[11.305143476902789, 50.616704655789825]]]",[[18.87145708861987]],,,,,
429,439,DEG0J,16074.0,TH,,,3.0,Saale-Holzland-Kreis,20183,23262,83000,423,439,8.0,20.0,"[[[11.72491507096728, 50.91739959716802]]]",[[16.242266771603234]],,,,,
430,440,DEG0K,16075.0,TH,,,3.0,Saale-Orla-Kreis,19740,27482,81000,424,440,1.0,1.0,"[[[11.723519545335071, 50.58715937687806]]]",[[18.76862269967449]],,,,,
431,441,DEG0L,16076.0,TH,,,3.0,"Greiz, Landkreis",20392,23940,99000,417,441,11.0,11.0,"[[[12.107380697998861, 50.77969896340677]]]",[[16.599747369585316]],,,,,
432,442,DEG0M,16077.0,TH,,,3.0,"Altenburger Land, Landkreis",19883,22319,90000,412,442,9.0,8.0,"[[[12.40755112226621, 50.944133847258854]]]",[[13.577902906910163]],,,,,
433,444,DEG0P,16063.0,TH,,,3.0,Wartburgkreis,20932,27208,123000,431,444,10.0,5.0,"[[[10.191897684214103, 50.92031451634003]]]",[[22.008888114243973]],,,,,
